INSERT INTO departments ( department_id, code, name, updated_at) VALUES
(1,'01', 'Amazonas', NOW()),
(2,'02', 'Áncash', NOW()),
(3,'03', 'Apurímac', NOW()),
(4,'04', 'Arequipa', NOW()),
(5,'05', 'Ayacucho', NOW()),
(6,'06', 'Cajamarca', NOW()),
(7,'07', 'Callao', NOW()),
(8,'08', 'Cusco', NOW()),
(9,'09', 'Huancavelica', NOW()),
(10,'10', 'Huánuco', NOW()),
(11,'11', 'Ica', NOW()),
(12,'12', 'Junín', NOW()),
(13,'13', 'La Libertad', NOW()),
(14,'14', 'Lambayeque', NOW()),
(15,'15', 'Lima', NOW()),
(16,'16', 'Loreto', NOW()),
(17,'17', 'Madre de Dios', NOW()),
(18,'18', 'Moquegua', NOW()),
(19,'19', 'Pasco', NOW()),
(20,'20', 'Piura', NOW()),
(21,'21', 'Puno', NOW()),
(22,'22', 'San Martín', NOW()),
(23,'23', 'Tacna', NOW()),
(24,'24', 'Tumbes', NOW()),
(25,'25', 'Ucayali', NOW());



INSERT INTO provinces (code, name, department_id, updated_at) VALUES
('0101', 'Chachapoyas', 1, NOW()),
('0102', 'Bagua', 1, NOW()),
('0103', 'Bongará', 1, NOW()),
('0104', 'Condorcanqui', 1, NOW()),
('0105', 'Luya', 1, NOW()),
('0106', 'Rodríguez de Mendoza', 1, NOW()),
('0107', 'Utcubamba', 1, NOW()),
('0201', 'Huaraz', 2, NOW()),
('0202', 'Aija', 2, NOW()),
('0203', 'Antonio Raymondi', 2, NOW()),
('0204', 'Asunción', 2, NOW()),
('0205', 'Bolognesi', 2, NOW()),
('0206', 'Carhuaz', 2, NOW()),
('0207', 'Carlos Fermín Fitzcarrald', 2, NOW()),
('0208', 'Casma', 2, NOW()),
('0209', 'Corongo', 2, NOW()),
('0210', 'Huari', 2, NOW()),
('0211', 'Huarmey', 2, NOW()),
('0212', 'Huaylas', 2, NOW()),
('0213', 'Mariscal Luzuriaga', 2, NOW()),
('0214', 'Ocros', 2, NOW()),
('0215', 'Pallasca', 2, NOW()),
('0216', 'Pomabamba', 2, NOW()),
('0217', 'Recuay', 2, NOW()),
('0218', 'Santa', 2, NOW()),
('0219', 'Sihuas', 2, NOW()),
('0220', 'Yungay', 2, NOW()),
('0301', 'Abancay', 3, NOW()),
('0302', 'Andahuaylas', 3, NOW()),
('0303', 'Antabamba', 3, NOW()),
('0304', 'Aymaraes', 3, NOW()),
('0305', 'Cotabambas', 3, NOW()),
('0306', 'Chincheros', 3, NOW()),
('0307', 'Grau', 3, NOW()),
('0401', 'Arequipa', 4, NOW()),
('0402', 'Camaná', 4, NOW()),
('0403', 'Caravelí', 4, NOW()),
('0404', 'Castilla', 4, NOW()),
('0405', 'Caylloma', 4, NOW()),
('0406', 'Condesuyos', 4, NOW()),
('0407', 'Islay', 4, NOW()),
('0408', 'La Uniòn', 4, NOW()),
('0501', 'Huamanga', 5, NOW()),
('0502', 'Cangallo', 5, NOW()),
('0503', 'Huanca Sancos', 5, NOW()),
('0504', 'Huanta', 5, NOW()),
('0505', 'La Mar', 5, NOW()),
('0506', 'Lucanas', 5, NOW()),
('0507', 'Parinacochas', 5, NOW()),
('0508', 'Pàucar del Sara Sara', 5, NOW()),
('0509', 'Sucre', 5, NOW()),
('0510', 'Víctor Fajardo', 5, NOW()),
('0511', 'Vilcas Huamán', 5, NOW()),
('0601', 'Cajamarca', 6, NOW()),
('0602', 'Cajabamba', 6, NOW()),
('0603', 'Celendín', 6, NOW()),
('0604', 'Chota', 6, NOW()),
('0605', 'Contumazá', 6, NOW()),
('0606', 'Cutervo', 6, NOW()),
('0607', 'Hualgayoc', 6, NOW()),
('0608', 'Jaén', 6, NOW()),
('0609', 'San Ignacio', 6, NOW()),
('0610', 'San Marcos', 6, NOW()),
('0611', 'San Miguel', 6, NOW()),
('0612', 'San Pablo', 6, NOW()),
('0613', 'Santa Cruz', 6, NOW()),
('0701', 'Prov. Const. del Callao', 7, NOW()),
('0801', 'Cusco', 8, NOW()),
('0802', 'Acomayo', 8, NOW()),
('0803', 'Anta', 8, NOW()),
('0804', 'Calca', 8, NOW()),
('0805', 'Canas', 8, NOW()),
('0806', 'Canchis', 8, NOW()),
('0807', 'Chumbivilcas', 8, NOW()),
('0808', 'Espinar', 8, NOW()),
('0809', 'La Convención', 8, NOW()),
('0810', 'Paruro', 8, NOW()),
('0811', 'Paucartambo', 8, NOW()),
('0812', 'Quispicanchi', 8, NOW()),
('0813', 'Urubamba', 8, NOW()),
('0901', 'Huancavelica', 9, NOW()),
('0902', 'Acobamba', 9, NOW()),
('0903', 'Angaraes', 9, NOW()),
('0904', 'Castrovirreyna', 9, NOW()),
('0905', 'Churcampa', 9, NOW()),
('0906', 'Huaytará', 9, NOW()),
('0907', 'Tayacaja', 9, NOW()),
('1001', 'Huánuco', 10, NOW()),
('1002', 'Ambo', 10, NOW()),
('1003', 'Dos de Mayo', 10, NOW()),
('1004', 'Huacaybamba', 10, NOW()),
('1005', 'Huamalíes', 10, NOW()),
('1006', 'Leoncio Prado', 10, NOW()),
('1007', 'Marañón', 10, NOW()),
('1008', 'Pachitea', 10, NOW()),
('1009', 'Puerto Inca', 10, NOW()),
('1010', 'Lauricocha', 10, NOW()),
('1011', 'Yarowilca', 10, NOW()),
('1101', 'Ica', 11, NOW()),
('1102', 'Chincha', 11, NOW()),
('1103', 'Nasca', 11, NOW()),
('1104', 'Palpa', 11, NOW()),
('1105', 'Pisco', 11, NOW()),
('1201', 'Huancayo', 12, NOW()),
('1202', 'Concepción', 12, NOW()),
('1203', 'Chanchamayo', 12, NOW()),
('1204', 'Jauja', 12, NOW()),
('1205', 'Junín', 12, NOW()),
('1206', 'Satipo', 12, NOW()),
('1207', 'Tarma', 12, NOW()),
('1208', 'Yauli', 12, NOW()),
('1209', 'Chupaca', 12, NOW()),
('1301', 'Trujillo', 13, NOW()),
('1302', 'Ascope', 13, NOW()),
('1303', 'Bolívar', 13, NOW()),
('1304', 'Chepén', 13, NOW()),
('1305', 'Julcán', 13, NOW()),
('1306', 'Otuzco', 13, NOW()),
('1307', 'Pacasmayo', 13, NOW()),
('1308', 'Pataz', 13, NOW()),
('1309', 'Sánchez Carrión', 13, NOW()),
('1310', 'Santiago de Chuco', 13, NOW()),
('1311', 'Gran Chimú', 13, NOW()),
('1312', 'Virú', 13, NOW()),
('1401', 'Chiclayo', 14, NOW()),
('1402', 'Ferreñafe', 14, NOW()),
('1403', 'Lambayeque', 14, NOW()),
('1501', 'Lima', 15, NOW()),
('1502', 'Barranca', 15, NOW()),
('1503', 'Cajatambo', 15, NOW()),
('1504', 'Canta', 15, NOW()),
('1505', 'Cañete', 15, NOW()),
('1506', 'Huaral', 15, NOW()),
('1507', 'Huarochirí', 15, NOW()),
('1508', 'Huaura', 15, NOW()),
('1509', 'Oyón', 15, NOW()),
('1510', 'Yauyos', 15, NOW()),
('1601', 'Maynas', 16, NOW()),
('1602', 'Alto Amazonas', 16, NOW()),
('1603', 'Loreto', 16, NOW()),
('1604', 'Mariscal Ramón Castilla', 16, NOW()),
('1605', 'Requena', 16, NOW()),
('1606', 'Ucayali', 16, NOW()),
('1607', 'Datem del Marañón', 16, NOW()),
('1608', 'Putumayo', 16, NOW()),
('1701', 'Tambopata', 17, NOW()),
('1702', 'Manu', 17, NOW()),
('1703', 'Tahuamanu', 17, NOW()),
('1801', 'Mariscal Nieto', 18, NOW()),
('1802', 'General Sánchez Cerro', 18, NOW()),
('1803', 'Ilo', 18, NOW()),
('1901', 'Pasco', 19, NOW()),
('1902', 'Daniel Alcides Carrión', 19, NOW()),
('1903', 'Oxapampa', 19, NOW()),
('2001', 'Piura', 20, NOW()),
('2002', 'Ayabaca', 20, NOW()),
('2003', 'Huancabamba', 20, NOW()),
('2004', 'Morropón', 20, NOW()),
('2005', 'Paita', 20, NOW()),
('2006', 'Sullana', 20, NOW()),
('2007', 'Talara', 20, NOW()),
('2008', 'Sechura', 20, NOW()),
('2101', 'Puno', 21, NOW()),
('2102', 'Azángaro', 21, NOW()),
('2103', 'Carabaya', 21, NOW()),
('2104', 'Chucuito', 21, NOW()),
('2105', 'El Collao', 21, NOW()),
('2106', 'Huancané', 21, NOW()),
('2107', 'Lampa', 21, NOW()),
('2108', 'Melgar', 21, NOW()),
('2109', 'Moho', 21, NOW()),
('2110', 'San Antonio de Putina', 21, NOW()),
('2111', 'San Román', 21, NOW()),
('2112', 'Sandia', 21, NOW()),
('2113', 'Yunguyo', 21, NOW()),
('2201', 'Moyobamba', 22, NOW()),
('2202', 'Bellavista', 22, NOW()),
('2203', 'El Dorado', 22, NOW()),
('2204', 'Huallaga', 22, NOW()),
('2205', 'Lamas', 22, NOW()),
('2206', 'Mariscal Cáceres', 22, NOW()),
('2207', 'Picota', 22, NOW()),
('2208', 'Rioja', 22, NOW()),
('2209', 'San Martín', 22, NOW()),
('2210', 'Tocache', 22, NOW()),
('2301', 'Tacna', 23, NOW()),
('2302', 'Candarave', 23, NOW()),
('2303', 'Jorge Basadre', 23, NOW()),
('2304', 'Tarata', 23, NOW()),
('2401', 'Tumbes', 24, NOW()),
('2402', 'Contralmirante Villar', 24, NOW()),
('2403', 'Zarumilla', 24, NOW()),
('2501', 'Coronel Portillo', 25, NOW()),
('2502', 'Atalaya', 25, NOW()),
('2503', 'Padre Abad', 25, NOW()),
('2504', 'Purús', 25, NOW());

INSERT INTO districts (code, name, province_id, department_id, updated_at) VALUES
('10101','Chachapoyas',1,1, NOW()),
('10102','Asunción',1,1, NOW()),
('10103','Balsas',1,1, NOW()),
('10104','Cheto',1,1, NOW()),
('10105','Chiliquin',1,1, NOW()),
('10106','Chuquibamba',1,1, NOW()),
('10107','Granada',1,1, NOW()),
('10108','Huancas',1,1, NOW()),
('10109','La Jalca',1,1, NOW()),
('10110','Leimebamba',1,1, NOW()),
('10111','Levanto',1,1, NOW()),
('10112','Magdalena',1,1, NOW()),
('10113','Mariscal Castilla',1,1, NOW()),
('10114','Molinopampa',1,1, NOW()),
('10115','Montevideo',1,1, NOW()),
('10116','Olleros',1,1, NOW()),
('10117','Quinjalca',1,1, NOW()),
('10118','San Francisco de Daguas',1,1, NOW()),
('10119','San Isidro de Maino',1,1, NOW()),
('10120','Soloco',1,1, NOW()),
('10121','Sonche',1,1, NOW()),
('10201','Bagua',2,1, NOW()),
('10202','Aramango',2,1, NOW()),
('10203','Copallin',2,1, NOW()),
('10204','El Parco',2,1, NOW()),
('10205','Imaza',2,1, NOW()),
('10206','La Peca',2,1, NOW()),
('10301','Jumbilla',3,1, NOW()),
('10302','Chisquilla',3,1, NOW()),
('10303','Churuja',3,1, NOW()),
('10304','Corosha',3,1, NOW()),
('10305','Cuispes',3,1, NOW()),
('10306','Florida',3,1, NOW()),
('10307','Jazan',3,1, NOW()),
('10308','Recta',3,1, NOW()),
('10309','San Carlos',3,1, NOW()),
('10310','Shipasbamba',3,1, NOW()),
('10311','Valera',3,1, NOW()),
('10312','Yambrasbamba',3,1, NOW()),
('10401','Nieva',4,1, NOW()),
('10402','El Cenepa',4,1, NOW()),
('10403','Río Santiago',4,1, NOW()),
('10501','Lamud',5,1, NOW()),
('10502','Camporredondo',5,1, NOW()),
('10503','Cocabamba',5,1, NOW()),
('10504','Colcamar',5,1, NOW()),
('10505','Conila',5,1, NOW()),
('10506','Inguilpata',5,1, NOW()),
('10507','Longuita',5,1, NOW()),
('10508','Lonya Chico',5,1, NOW()),
('10509','Luya',5,1, NOW()),
('10510','Luya Viejo',5,1, NOW()),
('10511','María',5,1, NOW()),
('10512','Ocalli',5,1, NOW()),
('10513','Ocumal',5,1, NOW()),
('10514','Pisuquia',5,1, NOW()),
('10515','Providencia',5,1, NOW()),
('10516','San Cristóbal',5,1, NOW()),
('10517','San Francisco de Yeso',5,1, NOW()),
('10518','San Jerónimo',5,1, NOW()),
('10519','San Juan de Lopecancha',5,1, NOW()),
('10520','Santa Catalina',5,1, NOW()),
('10521','Santo Tomas',5,1, NOW()),
('10522','Tingo',5,1, NOW()),
('10523','Trita',5,1, NOW()),
('10601','San Nicolás',6,1, NOW()),
('10602','Chirimoto',6,1, NOW()),
('10603','Cochamal',6,1, NOW()),
('10604','Huambo',6,1, NOW()),
('10605','Limabamba',6,1, NOW()),
('10606','Longar',6,1, NOW()),
('10607','Mariscal Benavides',6,1, NOW()),
('10608','Milpuc',6,1, NOW()),
('10609','Omia',6,1, NOW()),
('10610','Santa Rosa',6,1, NOW()),
('10611','Totora',6,1, NOW()),
('10612','Vista Alegre',6,1, NOW()),
('10701','Bagua Grande',7,1, NOW()),
('10702','Cajaruro',7,1, NOW()),
('10703','Cumba',7,1, NOW()),
('10704','El Milagro',7,1, NOW()),
('10705','Jamalca',7,1, NOW()),
('10706','Lonya Grande',7,1, NOW()),
('10707','Yamon',7,1, NOW()),
('20101','Huaraz',8,2, NOW()),
('20102','Cochabamba',8,2, NOW()),
('20103','Colcabamba',8,2, NOW()),
('20104','Huanchay',8,2, NOW()),
('20105','Independencia',8,2, NOW()),
('20106','Jangas',8,2, NOW()),
('20107','La Libertad',8,2, NOW()),
('20108','Olleros',8,2, NOW()),
('20109','Pampas Grande',8,2, NOW()),
('20110','Pariacoto',8,2, NOW()),
('20111','Pira',8,2, NOW()),
('20112','Tarica',8,2, NOW()),
('20201','Aija',9,2, NOW()),
('20202','Coris',9,2, NOW()),
('20203','Huacllan',9,2, NOW()),
('20204','La Merced',9,2, NOW()),
('20205','Succha',9,2, NOW()),
('20301','Llamellin',10,2, NOW()),
('20302','Aczo',10,2, NOW()),
('20303','Chaccho',10,2, NOW()),
('20304','Chingas',10,2, NOW()),
('20305','Mirgas',10,2, NOW()),
('20306','San Juan de Rontoy',10,2, NOW()),
('20401','Chacas',11,2, NOW()),
('20402','Acochaca',11,2, NOW()),
('20501','Chiquian',12,2, NOW()),
('20502','Abelardo Pardo Lezameta',12,2, NOW()),
('20503','Antonio Raymondi',12,2, NOW()),
('20504','Aquia',12,2, NOW()),
('20505','Cajacay',12,2, NOW()),
('20506','Canis',12,2, NOW()),
('20507','Colquioc',12,2, NOW()),
('20508','Huallanca',12,2, NOW()),
('20509','Huasta',12,2, NOW()),
('20510','Huayllacayan',12,2, NOW()),
('20511','La Primavera',12,2, NOW()),
('20512','Mangas',12,2, NOW()),
('20513','Pacllon',12,2, NOW()),
('20514','San Miguel de Corpanqui',12,2, NOW()),
('20515','Ticllos',12,2, NOW()),
('20601','Carhuaz',13,2, NOW()),
('20602','Acopampa',13,2, NOW()),
('20603','Amashca',13,2, NOW()),
('20604','Anta',13,2, NOW()),
('20605','Ataquero',13,2, NOW()),
('20606','Marcara',13,2, NOW()),
('20607','Pariahuanca',13,2, NOW()),
('20608','San Miguel de Aco',13,2, NOW()),
('20609','Shilla',13,2, NOW()),
('20610','Tinco',13,2, NOW()),
('20611','Yungar',13,2, NOW()),
('20701','San Luis',14,2, NOW()),
('20702','San Nicolás',14,2, NOW()),
('20703','Yauya',14,2, NOW()),
('20801','Casma',15,2, NOW()),
('20802','Buena Vista Alta',15,2, NOW()),
('20803','Comandante Noel',15,2, NOW()),
('20804','Yautan',15,2, NOW()),
('20901','Corongo',16,2, NOW()),
('20902','Aco',16,2, NOW()),
('20903','Bambas',16,2, NOW()),
('20904','Cusca',16,2, NOW()),
('20905','La Pampa',16,2, NOW()),
('20906','Yanac',16,2, NOW()),
('20907','Yupan',16,2, NOW()),
('21001','Huari',17,2, NOW()),
('21002','Anra',17,2, NOW()),
('21003','Cajay',17,2, NOW()),
('21004','Chavin de Huantar',17,2, NOW()),
('21005','Huacachi',17,2, NOW()),
('21006','Huacchis',17,2, NOW()),
('21007','Huachis',17,2, NOW()),
('21008','Huantar',17,2, NOW()),
('21009','Masin',17,2, NOW()),
('21010','Paucas',17,2, NOW()),
('21011','Ponto',17,2, NOW()),
('21012','Rahuapampa',17,2, NOW()),
('21013','Rapayan',17,2, NOW()),
('21014','San Marcos',17,2, NOW()),
('21015','San Pedro de Chana',17,2, NOW()),
('21016','Uco',17,2, NOW()),
('21101','Huarmey',18,2, NOW()),
('21102','Cochapeti',18,2, NOW()),
('21103','Culebras',18,2, NOW()),
('21104','Huayan',18,2, NOW()),
('21105','Malvas',18,2, NOW()),
('21201','Caraz',19,2, NOW()),
('21202','Huallanca',19,2, NOW()),
('21203','Huata',19,2, NOW()),
('21204','Huaylas',19,2, NOW()),
('21205','Mato',19,2, NOW()),
('21206','Pamparomas',19,2, NOW()),
('21207','Pueblo Libre',19,2, NOW()),
('21208','Santa Cruz',19,2, NOW()),
('21209','Santo Toribio',19,2, NOW()),
('21210','Yuracmarca',19,2, NOW()),
('21301','Piscobamba',20,2, NOW()),
('21302','Casca',20,2, NOW()),
('21303','Eleazar Guzmán Barron',20,2, NOW()),
('21304','Fidel Olivas Escudero',20,2, NOW()),
('21305','Llama',20,2, NOW()),
('21306','Llumpa',20,2, NOW()),
('21307','Lucma',20,2, NOW()),
('21308','Musga',20,2, NOW()),
('21401','Ocros',21,2, NOW()),
('21402','Acas',21,2, NOW()),
('21403','Cajamarquilla',21,2, NOW()),
('21404','Carhuapampa',21,2, NOW()),
('21405','Cochas',21,2, NOW()),
('21406','Congas',21,2, NOW()),
('21407','Llipa',21,2, NOW()),
('21408','San Cristóbal de Rajan',21,2, NOW()),
('21409','San Pedro',21,2, NOW()),
('21410','Santiago de Chilcas',21,2, NOW()),
('21501','Cabana',22,2, NOW()),
('21502','Bolognesi',22,2, NOW()),
('21503','Conchucos',22,2, NOW()),
('21504','Huacaschuque',22,2, NOW()),
('21505','Huandoval',22,2, NOW()),
('21506','Lacabamba',22,2, NOW()),
('21507','Llapo',22,2, NOW()),
('21508','Pallasca',22,2, NOW()),
('21509','Pampas',22,2, NOW()),
('21510','Santa Rosa',22,2, NOW()),
('21511','Tauca',22,2, NOW()),
('21601','Pomabamba',23,2, NOW()),
('21602','Huayllan',23,2, NOW()),
('21603','Parobamba',23,2, NOW()),
('21604','Quinuabamba',23,2, NOW()),
('21701','Recuay',24,2, NOW()),
('21702','Catac',24,2, NOW()),
('21703','Cotaparaco',24,2, NOW()),
('21704','Huayllapampa',24,2, NOW()),
('21705','Llacllin',24,2, NOW()),
('21706','Marca',24,2, NOW()),
('21707','Pampas Chico',24,2, NOW()),
('21708','Pararin',24,2, NOW()),
('21709','Tapacocha',24,2, NOW()),
('21710','Ticapampa',24,2, NOW()),
('21801','Chimbote',25,2, NOW()),
('21802','Cáceres del Perú',25,2, NOW()),
('21803','Coishco',25,2, NOW()),
('21804','Macate',25,2, NOW()),
('21805','Moro',25,2, NOW()),
('21806','Nepeña',25,2, NOW()),
('21807','Samanco',25,2, NOW()),
('21808','Santa',25,2, NOW()),
('21809','Nuevo Chimbote',25,2, NOW()),
('21901','Sihuas',26,2, NOW()),
('21902','Acobamba',26,2, NOW()),
('21903','Alfonso Ugarte',26,2, NOW()),
('21904','Cashapampa',26,2, NOW()),
('21905','Chingalpo',26,2, NOW()),
('21906','Huayllabamba',26,2, NOW()),
('21907','Quiches',26,2, NOW()),
('21908','Ragash',26,2, NOW()),
('21909','San Juan',26,2, NOW()),
('21910','Sicsibamba',26,2, NOW()),
('22001','Yungay',27,2, NOW()),
('22002','Cascapara',27,2, NOW()),
('22003','Mancos',27,2, NOW()),
('22004','Matacoto',27,2, NOW()),
('22005','Quillo',27,2, NOW()),
('22006','Ranrahirca',27,2, NOW()),
('22007','Shupluy',27,2, NOW()),
('22008','Yanama',27,2, NOW()),
('30101','Abancay',28,3, NOW()),
('30102','Chacoche',28,3, NOW()),
('30103','Circa',28,3, NOW()),
('30104','Curahuasi',28,3, NOW()),
('30105','Huanipaca',28,3, NOW()),
('30106','Lambrama',28,3, NOW()),
('30107','Pichirhua',28,3, NOW()),
('30108','San Pedro de Cachora',28,3, NOW()),
('30109','Tamburco',28,3, NOW()),
('30201','Andahuaylas',29,3, NOW()),
('30202','Andarapa',29,3, NOW()),
('30203','Chiara',29,3, NOW()),
('30204','Huancarama',29,3, NOW()),
('30205','Huancaray',29,3, NOW()),
('30206','Huayana',29,3, NOW()),
('30207','Kishuara',29,3, NOW()),
('30208','Pacobamba',29,3, NOW()),
('30209','Pacucha',29,3, NOW()),
('30210','Pampachiri',29,3, NOW()),
('30211','Pomacocha',29,3, NOW()),
('30212','San Antonio de Cachi',29,3, NOW()),
('30213','San Jerónimo',29,3, NOW()),
('30214','San Miguel de Chaccrampa',29,3, NOW()),
('30215','Santa María de Chicmo',29,3, NOW()),
('30216','Talavera',29,3, NOW()),
('30217','Tumay Huaraca',29,3, NOW()),
('30218','Turpo',29,3, NOW()),
('30219','Kaquiabamba',29,3, NOW()),
('30220','José María Arguedas',29,3, NOW()),
('30301','Antabamba',30,3, NOW()),
('30302','El Oro',30,3, NOW()),
('30303','Huaquirca',30,3, NOW()),
('30304','Juan Espinoza Medrano',30,3, NOW()),
('30305','Oropesa',30,3, NOW()),
('30306','Pachaconas',30,3, NOW()),
('30307','Sabaino',30,3, NOW()),
('30401','Chalhuanca',31,3, NOW()),
('30402','Capaya',31,3, NOW()),
('30403','Caraybamba',31,3, NOW()),
('30404','Chapimarca',31,3, NOW()),
('30405','Colcabamba',31,3, NOW()),
('30406','Cotaruse',31,3, NOW()),
('30407','Ihuayllo',31,3, NOW()),
('30408','Justo Apu Sahuaraura',31,3, NOW()),
('30409','Lucre',31,3, NOW()),
('30410','Pocohuanca',31,3, NOW()),
('30411','San Juan de Chacña',31,3, NOW()),
('30412','Sañayca',31,3, NOW()),
('30413','Soraya',31,3, NOW()),
('30414','Tapairihua',31,3, NOW()),
('30415','Tintay',31,3, NOW()),
('30416','Toraya',31,3, NOW()),
('30417','Yanaca',31,3, NOW()),
('30501','Tambobamba',32,3, NOW()),
('30502','Cotabambas',32,3, NOW()),
('30503','Coyllurqui',32,3, NOW()),
('30504','Haquira',32,3, NOW()),
('30505','Mara',32,3, NOW()),
('30506','Challhuahuacho',32,3, NOW()),
('30601','Chincheros',33,3, NOW()),
('30602','Anco_Huallo',33,3, NOW()),
('30603','Cocharcas',33,3, NOW()),
('30604','Huaccana',33,3, NOW()),
('30605','Ocobamba',33,3, NOW()),
('30606','Ongoy',33,3, NOW()),
('30607','Uranmarca',33,3, NOW()),
('30608','Ranracancha',33,3, NOW()),
('30609','Rocchacc',33,3, NOW()),
('30610','El Porvenir',33,3, NOW()),
('30611','Los Chankas',33,3, NOW()),
('30701','Chuquibambilla',34,3, NOW()),
('30702','Curpahuasi',34,3, NOW()),
('30703','Gamarra',34,3, NOW()),
('30704','Huayllati',34,3, NOW()),
('30705','Mamara',34,3, NOW()),
('30706','Micaela Bastidas',34,3, NOW()),
('30707','Pataypampa',34,3, NOW()),
('30708','Progreso',34,3, NOW()),
('30709','San Antonio',34,3, NOW()),
('30710','Santa Rosa',34,3, NOW()),
('30711','Turpay',34,3, NOW()),
('30712','Vilcabamba',34,3, NOW()),
('30713','Virundo',34,3, NOW()),
('30714','Curasco',34,3, NOW()),
('40101','Arequipa',35,4, NOW()),
('40102','Alto Selva Alegre',35,4, NOW()),
('40103','Cayma',35,4, NOW()),
('40104','Cerro Colorado',35,4, NOW()),
('40105','Characato',35,4, NOW()),
('40106','Chiguata',35,4, NOW()),
('40107','Jacobo Hunter',35,4, NOW()),
('40108','La Joya',35,4, NOW()),
('40109','Mariano Melgar',35,4, NOW()),
('40110','Miraflores',35,4, NOW()),
('40111','Mollebaya',35,4, NOW()),
('40112','Paucarpata',35,4, NOW()),
('40113','Pocsi',35,4, NOW()),
('40114','Polobaya',35,4, NOW()),
('40115','Quequeña',35,4, NOW()),
('40116','Sabandia',35,4, NOW()),
('40117','Sachaca',35,4, NOW()),
('40118','San Juan de Siguas',35,4, NOW()),
('40119','San Juan de Tarucani',35,4, NOW()),
('40120','Santa Isabel de Siguas',35,4, NOW()),
('40121','Santa Rita de Siguas',35,4, NOW()),
('40122','Socabaya',35,4, NOW()),
('40123','Tiabaya',35,4, NOW()),
('40124','Uchumayo',35,4, NOW()),
('40125','Vitor',35,4, NOW()),
('40126','Yanahuara',35,4, NOW()),
('40127','Yarabamba',35,4, NOW()),
('40128','Yura',35,4, NOW()),
('40129','José Luis Bustamante Y Rivero',35,4, NOW()),
('40201','Camaná',36,4, NOW()),
('40202','José María Quimper',36,4, NOW()),
('40203','Mariano Nicolás Valcárcel',36,4, NOW()),
('40204','Mariscal Cáceres',36,4, NOW()),
('40205','Nicolás de Pierola',36,4, NOW()),
('40206','Ocoña',36,4, NOW()),
('40207','Quilca',36,4, NOW()),
('40208','Samuel Pastor',36,4, NOW()),
('40301','Caravelí',37,4, NOW()),
('40302','Acarí',37,4, NOW()),
('40303','Atico',37,4, NOW()),
('40304','Atiquipa',37,4, NOW()),
('40305','Bella Unión',37,4, NOW()),
('40306','Cahuacho',37,4, NOW()),
('40307','Chala',37,4, NOW()),
('40308','Chaparra',37,4, NOW()),
('40309','Huanuhuanu',37,4, NOW()),
('40310','Jaqui',37,4, NOW()),
('40311','Lomas',37,4, NOW()),
('40312','Quicacha',37,4, NOW()),
('40313','Yauca',37,4, NOW()),
('40401','Aplao',38,4, NOW()),
('40402','Andagua',38,4, NOW()),
('40403','Ayo',38,4, NOW()),
('40404','Chachas',38,4, NOW()),
('40405','Chilcaymarca',38,4, NOW()),
('40406','Choco',38,4, NOW()),
('40407','Huancarqui',38,4, NOW()),
('40408','Machaguay',38,4, NOW()),
('40409','Orcopampa',38,4, NOW()),
('40410','Pampacolca',38,4, NOW()),
('40411','Tipan',38,4, NOW()),
('40412','Uñon',38,4, NOW()),
('40413','Uraca',38,4, NOW()),
('40414','Viraco',38,4, NOW()),
('40501','Chivay',39,4, NOW()),
('40502','Achoma',39,4, NOW()),
('40503','Cabanaconde',39,4, NOW()),
('40504','Callalli',39,4, NOW()),
('40505','Caylloma',39,4, NOW()),
('40506','Coporaque',39,4, NOW()),
('40507','Huambo',39,4, NOW()),
('40508','Huanca',39,4, NOW()),
('40509','Ichupampa',39,4, NOW()),
('40510','Lari',39,4, NOW()),
('40511','Lluta',39,4, NOW()),
('40512','Maca',39,4, NOW()),
('40513','Madrigal',39,4, NOW()),
('40514','San Antonio de Chuca',39,4, NOW()),
('40515','Sibayo',39,4, NOW()),
('40516','Tapay',39,4, NOW()),
('40517','Tisco',39,4, NOW()),
('40518','Tuti',39,4, NOW()),
('40519','Yanque',39,4, NOW()),
('40520','Majes',39,4, NOW()),
('40601','Chuquibamba',40,4, NOW()),
('40602','Andaray',40,4, NOW()),
('40603','Cayarani',40,4, NOW()),
('40604','Chichas',40,4, NOW()),
('40605','Iray',40,4, NOW()),
('40606','Río Grande',40,4, NOW()),
('40607','Salamanca',40,4, NOW()),
('40608','Yanaquihua',40,4, NOW()),
('40701','Mollendo',41,4, NOW()),
('40702','Cocachacra',41,4, NOW()),
('40703','Dean Valdivia',41,4, NOW()),
('40704','Islay',41,4, NOW()),
('40705','Mejia',41,4, NOW()),
('40706','Punta de Bombón',41,4, NOW()),
('40801','Cotahuasi',42,4, NOW()),
('40802','Alca',42,4, NOW()),
('40803','Charcana',42,4, NOW()),
('40804','Huaynacotas',42,4, NOW()),
('40805','Pampamarca',42,4, NOW()),
('40806','Puyca',42,4, NOW()),
('40807','Quechualla',42,4, NOW()),
('40808','Sayla',42,4, NOW()),
('40809','Tauria',42,4, NOW()),
('40810','Tomepampa',42,4, NOW()),
('40811','Toro',42,4, NOW()),
('50101','Ayacucho',43,5, NOW()),
('50102','Acocro',43,5, NOW()),
('50103','Acos Vinchos',43,5, NOW()),
('50104','Carmen Alto',43,5, NOW()),
('50105','Chiara',43,5, NOW()),
('50106','Ocros',43,5, NOW()),
('50107','Pacaycasa',43,5, NOW()),
('50108','Quinua',43,5, NOW()),
('50109','San José de Ticllas',43,5, NOW()),
('50110','San Juan Bautista',43,5, NOW()),
('50111','Santiago de Pischa',43,5, NOW()),
('50112','Socos',43,5, NOW()),
('50113','Tambillo',43,5, NOW()),
('50114','Vinchos',43,5, NOW()),
('50115','Jesús Nazareno',43,5, NOW()),
('50116','Andrés Avelino Cáceres Dorregaray',43,5, NOW()),
('50201','Cangallo',44,5, NOW()),
('50202','Chuschi',44,5, NOW()),
('50203','Los Morochucos',44,5, NOW()),
('50204','María Parado de Bellido',44,5, NOW()),
('50205','Paras',44,5, NOW()),
('50206','Totos',44,5, NOW()),
('50301','Sancos',45,5, NOW()),
('50302','Carapo',45,5, NOW()),
('50303','Sacsamarca',45,5, NOW()),
('50304','Santiago de Lucanamarca',45,5, NOW()),
('50401','Huanta',46,5, NOW()),
('50402','Ayahuanco',46,5, NOW()),
('50403','Huamanguilla',46,5, NOW()),
('50404','Iguain',46,5, NOW()),
('50405','Luricocha',46,5, NOW()),
('50406','Santillana',46,5, NOW()),
('50407','Sivia',46,5, NOW()),
('50408','Llochegua',46,5, NOW()),
('50409','Canayre',46,5, NOW()),
('50410','Uchuraccay',46,5, NOW()),
('50411','Pucacolpa',46,5, NOW()),
('50412','Chaca',46,5, NOW()),
('50501','San Miguel',47,5, NOW()),
('50502','Anco',47,5, NOW()),
('50503','Ayna',47,5, NOW()),
('50504','Chilcas',47,5, NOW()),
('50505','Chungui',47,5, NOW()),
('50506','Luis Carranza',47,5, NOW()),
('50507','Santa Rosa',47,5, NOW()),
('50508','Tambo',47,5, NOW()),
('50509','Samugari',47,5, NOW()),
('50510','Anchihuay',47,5, NOW()),
('50511','Oronccoy',47,5, NOW()),
('50601','Puquio',48,5, NOW()),
('50602','Aucara',48,5, NOW()),
('50603','Cabana',48,5, NOW()),
('50604','Carmen Salcedo',48,5, NOW()),
('50605','Chaviña',48,5, NOW()),
('50606','Chipao',48,5, NOW()),
('50607','Huac-Huas',48,5, NOW()),
('50608','Laramate',48,5, NOW()),
('50609','Leoncio Prado',48,5, NOW()),
('50610','Llauta',48,5, NOW()),
('50611','Lucanas',48,5, NOW()),
('50612','Ocaña',48,5, NOW()),
('50613','Otoca',48,5, NOW()),
('50614','Saisa',48,5, NOW()),
('50615','San Cristóbal',48,5, NOW()),
('50616','San Juan',48,5, NOW()),
('50617','San Pedro',48,5, NOW()),
('50618','San Pedro de Palco',48,5, NOW()),
('50619','Sancos',48,5, NOW()),
('50620','Santa Ana de Huaycahuacho',48,5, NOW()),
('50621','Santa Lucia',48,5, NOW()),
('50701','Coracora',49,5, NOW()),
('50702','Chumpi',49,5, NOW()),
('50703','Coronel Castañeda',49,5, NOW()),
('50704','Pacapausa',49,5, NOW()),
('50705','Pullo',49,5, NOW()),
('50706','Puyusca',49,5, NOW()),
('50707','San Francisco de Ravacayco',49,5, NOW()),
('50708','Upahuacho',49,5, NOW()),
('50801','Pausa',50,5, NOW()),
('50802','Colta',50,5, NOW()),
('50803','Corculla',50,5, NOW()),
('50804','Lampa',50,5, NOW()),
('50805','Marcabamba',50,5, NOW()),
('50806','Oyolo',50,5, NOW()),
('50807','Pararca',50,5, NOW()),
('50808','San Javier de Alpabamba',50,5, NOW()),
('50809','San José de Ushua',50,5, NOW()),
('50810','Sara Sara',50,5, NOW()),
('50901','Querobamba',51,5, NOW()),
('50902','Belén',51,5, NOW()),
('50903','Chalcos',51,5, NOW()),
('50904','Chilcayoc',51,5, NOW()),
('50905','Huacaña',51,5, NOW()),
('50906','Morcolla',51,5, NOW()),
('50907','Paico',51,5, NOW()),
('50908','San Pedro de Larcay',51,5, NOW()),
('50909','San Salvador de Quije',51,5, NOW()),
('50910','Santiago de Paucaray',51,5, NOW()),
('50911','Soras',51,5, NOW()),
('51001','Huancapi',52,5, NOW()),
('51002','Alcamenca',52,5, NOW()),
('51003','Apongo',52,5, NOW()),
('51004','Asquipata',52,5, NOW()),
('51005','Canaria',52,5, NOW()),
('51006','Cayara',52,5, NOW()),
('51007','Colca',52,5, NOW()),
('51008','Huamanquiquia',52,5, NOW()),
('51009','Huancaraylla',52,5, NOW()),
('51010','Hualla',52,5, NOW()),
('51011','Sarhua',52,5, NOW()),
('51012','Vilcanchos',52,5, NOW()),
('51101','Vilcas Huaman',53,5, NOW()),
('51102','Accomarca',53,5, NOW()),
('51103','Carhuanca',53,5, NOW()),
('51104','Concepción',53,5, NOW()),
('51105','Huambalpa',53,5, NOW()),
('51106','Independencia',53,5, NOW()),
('51107','Saurama',53,5, NOW()),
('51108','Vischongo',53,5, NOW()),
('60101','Cajamarca',54,6, NOW()),
('60102','Asunción',54,6, NOW()),
('60103','Chetilla',54,6, NOW()),
('60104','Cospan',54,6, NOW()),
('60105','Encañada',54,6, NOW()),
('60106','Jesús',54,6, NOW()),
('60107','Llacanora',54,6, NOW()),
('60108','Los Baños del Inca',54,6, NOW()),
('60109','Magdalena',54,6, NOW()),
('60110','Matara',54,6, NOW()),
('60111','Namora',54,6, NOW()),
('60112','San Juan',54,6, NOW()),
('60201','Cajabamba',55,6, NOW()),
('60202','Cachachi',55,6, NOW()),
('60203','Condebamba',55,6, NOW()),
('60204','Sitacocha',55,6, NOW()),
('60301','Celendín',56,6, NOW()),
('60302','Chumuch',56,6, NOW()),
('60303','Cortegana',56,6, NOW()),
('60304','Huasmin',56,6, NOW()),
('60305','Jorge Chávez',56,6, NOW()),
('60306','José Gálvez',56,6, NOW()),
('60307','Miguel Iglesias',56,6, NOW()),
('60308','Oxamarca',56,6, NOW()),
('60309','Sorochuco',56,6, NOW()),
('60310','Sucre',56,6, NOW()),
('60311','Utco',56,6, NOW()),
('60312','La Libertad de Pallan',56,6, NOW()),
('60401','Chota',57,6, NOW()),
('60402','Anguia',57,6, NOW()),
('60403','Chadin',57,6, NOW()),
('60404','Chiguirip',57,6, NOW()),
('60405','Chimban',57,6, NOW()),
('60406','Choropampa',57,6, NOW()),
('60407','Cochabamba',57,6, NOW()),
('60408','Conchan',57,6, NOW()),
('60409','Huambos',57,6, NOW()),
('60410','Lajas',57,6, NOW()),
('60411','Llama',57,6, NOW()),
('60412','Miracosta',57,6, NOW()),
('60413','Paccha',57,6, NOW()),
('60414','Pion',57,6, NOW()),
('60415','Querocoto',57,6, NOW()),
('60416','San Juan de Licupis',57,6, NOW()),
('60417','Tacabamba',57,6, NOW()),
('60418','Tocmoche',57,6, NOW()),
('60419','Chalamarca',57,6, NOW()),
('60501','Contumaza',58,6, NOW()),
('60502','Chilete',58,6, NOW()),
('60503','Cupisnique',58,6, NOW()),
('60504','Guzmango',58,6, NOW()),
('60505','San Benito',58,6, NOW()),
('60506','Santa Cruz de Toledo',58,6, NOW()),
('60507','Tantarica',58,6, NOW()),
('60508','Yonan',58,6, NOW()),
('60601','Cutervo',59,6, NOW()),
('60602','Callayuc',59,6, NOW()),
('60603','Choros',59,6, NOW()),
('60604','Cujillo',59,6, NOW()),
('60605','La Ramada',59,6, NOW()),
('60606','Pimpingos',59,6, NOW()),
('60607','Querocotillo',59,6, NOW()),
('60608','San Andrés de Cutervo',59,6, NOW()),
('60609','San Juan de Cutervo',59,6, NOW()),
('60610','San Luis de Lucma',59,6, NOW()),
('60611','Santa Cruz',59,6, NOW()),
('60612','Santo Domingo de la Capilla',59,6, NOW()),
('60613','Santo Tomas',59,6, NOW()),
('60614','Socota',59,6, NOW()),
('60615','Toribio Casanova',59,6, NOW()),
('60701','Bambamarca',60,6, NOW()),
('60702','Chugur',60,6, NOW()),
('60703','Hualgayoc',60,6, NOW()),
('60801','Jaén',61,6, NOW()),
('60802','Bellavista',61,6, NOW()),
('60803','Chontali',61,6, NOW()),
('60804','Colasay',61,6, NOW()),
('60805','Huabal',61,6, NOW()),
('60806','Las Pirias',61,6, NOW()),
('60807','Pomahuaca',61,6, NOW()),
('60808','Pucara',61,6, NOW()),
('60809','Sallique',61,6, NOW()),
('60810','San Felipe',61,6, NOW()),
('60811','San José del Alto',61,6, NOW()),
('60812','Santa Rosa',61,6, NOW()),
('60901','San Ignacio',62,6, NOW()),
('60902','Chirinos',62,6, NOW()),
('60903','Huarango',62,6, NOW()),
('60904','La Coipa',62,6, NOW()),
('60905','Namballe',62,6, NOW()),
('60906','San José de Lourdes',62,6, NOW()),
('60907','Tabaconas',62,6, NOW()),
('61001','Pedro Gálvez',63,6, NOW()),
('61002','Chancay',63,6, NOW()),
('61003','Eduardo Villanueva',63,6, NOW()),
('61004','Gregorio Pita',63,6, NOW()),
('61005','Ichocan',63,6, NOW()),
('61006','José Manuel Quiroz',63,6, NOW()),
('61007','José Sabogal',63,6, NOW()),
('61101','San Miguel',64,6, NOW()),
('61102','Bolívar',64,6, NOW()),
('61103','Calquis',64,6, NOW()),
('61104','Catilluc',64,6, NOW()),
('61105','El Prado',64,6, NOW()),
('61106','La Florida',64,6, NOW()),
('61107','Llapa',64,6, NOW()),
('61108','Nanchoc',64,6, NOW()),
('61109','Niepos',64,6, NOW()),
('61110','San Gregorio',64,6, NOW()),
('61111','San Silvestre de Cochan',64,6, NOW()),
('61112','Tongod',64,6, NOW()),
('61113','Unión Agua Blanca',64,6, NOW()),
('61201','San Pablo',65,6, NOW()),
('61202','San Bernardino',65,6, NOW()),
('61203','San Luis',65,6, NOW()),
('61204','Tumbaden',65,6, NOW()),
('61301','Santa Cruz',66,6, NOW()),
('61302','Andabamba',66,6, NOW()),
('61303','Catache',66,6, NOW()),
('61304','Chancaybaños',66,6, NOW()),
('61305','La Esperanza',66,6, NOW()),
('61306','Ninabamba',66,6, NOW()),
('61307','Pulan',66,6, NOW()),
('61308','Saucepampa',66,6, NOW()),
('61309','Sexi',66,6, NOW()),
('61310','Uticyacu',66,6, NOW()),
('61311','Yauyucan',66,6, NOW()),
('70101','Callao',67,7, NOW()),
('70102','Bellavista',67,7, NOW()),
('70103','Carmen de la Legua Reynoso',67,7, NOW()),
('70104','La Perla',67,7, NOW()),
('70105','La Punta',67,7, NOW()),
('70106','Ventanilla',67,7, NOW()),
('70107','Mi Perú',67,7, NOW()),
('80101','Cusco',68,8, NOW()),
('80102','Ccorca',68,8, NOW()),
('80103','Poroy',68,8, NOW()),
('80104','San Jerónimo',68,8, NOW()),
('80105','San Sebastian',68,8, NOW()),
('80106','Santiago',68,8, NOW()),
('80107','Saylla',68,8, NOW()),
('80108','Wanchaq',68,8, NOW()),
('80201','Acomayo',69,8, NOW()),
('80202','Acopia',69,8, NOW()),
('80203','Acos',69,8, NOW()),
('80204','Mosoc Llacta',69,8, NOW()),
('80205','Pomacanchi',69,8, NOW()),
('80206','Rondocan',69,8, NOW()),
('80207','Sangarara',69,8, NOW()),
('80301','Anta',70,8, NOW()),
('80302','Ancahuasi',70,8, NOW()),
('80303','Cachimayo',70,8, NOW()),
('80304','Chinchaypujio',70,8, NOW()),
('80305','Huarocondo',70,8, NOW()),
('80306','Limatambo',70,8, NOW()),
('80307','Mollepata',70,8, NOW()),
('80308','Pucyura',70,8, NOW()),
('80309','Zurite',70,8, NOW()),
('80401','Calca',71,8, NOW()),
('80402','Coya',71,8, NOW()),
('80403','Lamay',71,8, NOW()),
('80404','Lares',71,8, NOW()),
('80405','Pisac',71,8, NOW()),
('80406','San Salvador',71,8, NOW()),
('80407','Taray',71,8, NOW()),
('80408','Yanatile',71,8, NOW()),
('80501','Yanaoca',72,8, NOW()),
('80502','Checca',72,8, NOW()),
('80503','Kunturkanki',72,8, NOW()),
('80504','Langui',72,8, NOW()),
('80505','Layo',72,8, NOW()),
('80506','Pampamarca',72,8, NOW()),
('80507','Quehue',72,8, NOW()),
('80508','Tupac Amaru',72,8, NOW()),
('80601','Sicuani',73,8, NOW()),
('80602','Checacupe',73,8, NOW()),
('80603','Combapata',73,8, NOW()),
('80604','Marangani',73,8, NOW()),
('80605','Pitumarca',73,8, NOW()),
('80606','San Pablo',73,8, NOW()),
('80607','San Pedro',73,8, NOW()),
('80608','Tinta',73,8, NOW()),
('80701','Santo Tomas',74,8, NOW()),
('80702','Capacmarca',74,8, NOW()),
('80703','Chamaca',74,8, NOW()),
('80704','Colquemarca',74,8, NOW()),
('80705','Livitaca',74,8, NOW()),
('80706','Llusco',74,8, NOW()),
('80707','Quiñota',74,8, NOW()),
('80708','Velille',74,8, NOW()),
('80801','Espinar',75,8, NOW()),
('80802','Condoroma',75,8, NOW()),
('80803','Coporaque',75,8, NOW()),
('80804','Ocoruro',75,8, NOW()),
('80805','Pallpata',75,8, NOW()),
('80806','Pichigua',75,8, NOW()),
('80807','Suyckutambo',75,8, NOW()),
('80808','Alto Pichigua',75,8, NOW()),
('80901','Santa Ana',76,8, NOW()),
('80902','Echarate',76,8, NOW()),
('80903','Huayopata',76,8, NOW()),
('80904','Maranura',76,8, NOW()),
('80905','Ocobamba',76,8, NOW()),
('80906','Quellouno',76,8, NOW()),
('80907','Kimbiri',76,8, NOW()),
('80908','Santa Teresa',76,8, NOW()),
('80909','Vilcabamba',76,8, NOW()),
('80910','Pichari',76,8, NOW()),
('80911','Inkawasi',76,8, NOW()),
('80912','Villa Virgen',76,8, NOW()),
('80913','Villa Kintiarina',76,8, NOW()),
('80914','Megantoni',76,8, NOW()),
('81001','Paruro',77,8, NOW()),
('81002','Accha',77,8, NOW()),
('81003','Ccapi',77,8, NOW()),
('81004','Colcha',77,8, NOW()),
('81005','Huanoquite',77,8, NOW()),
('81006','Omachaç',77,8, NOW()),
('81007','Paccaritambo',77,8, NOW()),
('81008','Pillpinto',77,8, NOW()),
('81009','Yaurisque',77,8, NOW()),
('81101','Paucartambo',78,8, NOW()),
('81102','Caicay',78,8, NOW()),
('81103','Challabamba',78,8, NOW()),
('81104','Colquepata',78,8, NOW()),
('81105','Huancarani',78,8, NOW()),
('81106','Kosñipata',78,8, NOW()),
('81201','Urcos',79,8, NOW()),
('81202','Andahuaylillas',79,8, NOW()),
('81203','Camanti',79,8, NOW()),
('81204','Ccarhuayo',79,8, NOW()),
('81205','Ccatca',79,8, NOW()),
('81206','Cusipata',79,8, NOW()),
('81207','Huaro',79,8, NOW()),
('81208','Lucre',79,8, NOW()),
('81209','Marcapata',79,8, NOW()),
('81210','Ocongate',79,8, NOW()),
('81211','Oropesa',79,8, NOW()),
('81212','Quiquijana',79,8, NOW()),
('81301','Urubamba',80,8, NOW()),
('81302','Chinchero',80,8, NOW()),
('81303','Huayllabamba',80,8, NOW()),
('81304','Machupicchu',80,8, NOW()),
('81305','Maras',80,8, NOW()),
('81306','Ollantaytambo',80,8, NOW()),
('81307','Yucay',80,8, NOW()),
('90101','Huancavelica',81,9, NOW()),
('90102','Acobambilla',81,9, NOW()),
('90103','Acoria',81,9, NOW()),
('90104','Conayca',81,9, NOW()),
('90105','Cuenca',81,9, NOW()),
('90106','Huachocolpa',81,9, NOW()),
('90107','Huayllahuara',81,9, NOW()),
('90108','Izcuchaca',81,9, NOW()),
('90109','Laria',81,9, NOW()),
('90110','Manta',81,9, NOW()),
('90111','Mariscal Cáceres',81,9, NOW()),
('90112','Moya',81,9, NOW()),
('90113','Nuevo Occoro',81,9, NOW()),
('90114','Palca',81,9, NOW()),
('90115','Pilchaca',81,9, NOW()),
('90116','Vilca',81,9, NOW()),
('90117','Yauli',81,9, NOW()),
('90118','Ascensión',81,9, NOW()),
('90119','Huando',81,9, NOW()),
('90201','Acobamba',82,9, NOW()),
('90202','Andabamba',82,9, NOW()),
('90203','Anta',82,9, NOW()),
('90204','Caja',82,9, NOW()),
('90205','Marcas',82,9, NOW()),
('90206','Paucara',82,9, NOW()),
('90207','Pomacocha',82,9, NOW()),
('90208','Rosario',82,9, NOW()),
('90301','Lircay',83,9, NOW()),
('90302','Anchonga',83,9, NOW()),
('90303','Callanmarca',83,9, NOW()),
('90304','Ccochaccasa',83,9, NOW()),
('90305','Chincho',83,9, NOW()),
('90306','Congalla',83,9, NOW()),
('90307','Huanca-Huanca',83,9, NOW()),
('90308','Huayllay Grande',83,9, NOW()),
('90309','Julcamarca',83,9, NOW()),
('90310','San Antonio de Antaparco',83,9, NOW()),
('90311','Santo Tomas de Pata',83,9, NOW()),
('90312','Secclla',83,9, NOW()),
('90401','Castrovirreyna',84,9, NOW()),
('90402','Arma',84,9, NOW()),
('90403','Aurahua',84,9, NOW()),
('90404','Capillas',84,9, NOW()),
('90405','Chupamarca',84,9, NOW()),
('90406','Cocas',84,9, NOW()),
('90407','Huachos',84,9, NOW()),
('90408','Huamatambo',84,9, NOW()),
('90409','Mollepampa',84,9, NOW()),
('90410','San Juan',84,9, NOW()),
('90411','Santa Ana',84,9, NOW()),
('90412','Tantara',84,9, NOW()),
('90413','Ticrapo',84,9, NOW()),
('90501','Churcampa',85,9, NOW()),
('90502','Anco',85,9, NOW()),
('90503','Chinchihuasi',85,9, NOW()),
('90504','El Carmen',85,9, NOW()),
('90505','La Merced',85,9, NOW()),
('90506','Locroja',85,9, NOW()),
('90507','Paucarbamba',85,9, NOW()),
('90508','San Miguel de Mayocc',85,9, NOW()),
('90509','San Pedro de Coris',85,9, NOW()),
('90510','Pachamarca',85,9, NOW()),
('90511','Cosme',85,9, NOW()),
('90601','Huaytara',86,9, NOW()),
('90602','Ayavi',86,9, NOW()),
('90603','Córdova',86,9, NOW()),
('90604','Huayacundo Arma',86,9, NOW()),
('90605','Laramarca',86,9, NOW()),
('90606','Ocoyo',86,9, NOW()),
('90607','Pilpichaca',86,9, NOW()),
('90608','Querco',86,9, NOW()),
('90609','Quito-Arma',86,9, NOW()),
('90610','San Antonio de Cusicancha',86,9, NOW()),
('90611','San Francisco de Sangayaico',86,9, NOW()),
('90612','San Isidro',86,9, NOW()),
('90613','Santiago de Chocorvos',86,9, NOW()),
('90614','Santiago de Quirahuara',86,9, NOW()),
('90615','Santo Domingo de Capillas',86,9, NOW()),
('90616','Tambo',86,9, NOW()),
('90701','Pampas',87,9, NOW()),
('90702','Acostambo',87,9, NOW()),
('90703','Acraquia',87,9, NOW()),
('90704','Ahuaycha',87,9, NOW()),
('90705','Colcabamba',87,9, NOW()),
('90706','Daniel Hernández',87,9, NOW()),
('90707','Huachocolpa',87,9, NOW()),
('90709','Huaribamba',87,9, NOW()),
('90710','Ñahuimpuquio',87,9, NOW()),
('90711','Pazos',87,9, NOW()),
('90713','Quishuar',87,9, NOW()),
('90714','Salcabamba',87,9, NOW()),
('90715','Salcahuasi',87,9, NOW()),
('90716','San Marcos de Rocchac',87,9, NOW()),
('90717','Surcubamba',87,9, NOW()),
('90718','Tintay Puncu',87,9, NOW()),
('90719','Quichuas',87,9, NOW()),
('90720','Andaymarca',87,9, NOW()),
('90721','Roble',87,9, NOW()),
('90722','Pichos',87,9, NOW()),
('90723','Santiago de Tucuma',87,9, NOW()),
('100101','Huanuco',88,10, NOW()),
('100102','Amarilis',88,10, NOW()),
('100103','Chinchao',88,10, NOW()),
('100104','Churubamba',88,10, NOW()),
('100105','Margos',88,10, NOW()),
('100106','Quisqui (Kichki)',88,10, NOW()),
('100107','San Francisco de Cayran',88,10, NOW()),
('100108','San Pedro de Chaulan',88,10, NOW()),
('100109','Santa María del Valle',88,10, NOW()),
('100110','Yarumayo',88,10, NOW()),
('100111','Pillco Marca',88,10, NOW()),
('100112','Yacus',88,10, NOW()),
('100113','San Pablo de Pillao',88,10, NOW()),
('100201','Ambo',89,10, NOW()),
('100202','Cayna',89,10, NOW()),
('100203','Colpas',89,10, NOW()),
('100204','Conchamarca',89,10, NOW()),
('100205','Huacar',89,10, NOW()),
('100206','San Francisco',89,10, NOW()),
('100207','San Rafael',89,10, NOW()),
('100208','Tomay Kichwa',89,10, NOW()),
('100301','La Unión',90,10, NOW()),
('100307','Chuquis',90,10, NOW()),
('100311','Marías',90,10, NOW()),
('100313','Pachas',90,10, NOW()),
('100316','Quivilla',90,10, NOW()),
('100317','Ripan',90,10, NOW()),
('100321','Shunqui',90,10, NOW()),
('100322','Sillapata',90,10, NOW()),
('100323','Yanas',90,10, NOW()),
('100401','Huacaybamba',91,10, NOW()),
('100402','Canchabamba',91,10, NOW()),
('100403','Cochabamba',91,10, NOW()),
('100404','Pinra',91,10, NOW()),
('100501','Llata',92,10, NOW()),
('100502','Arancay',92,10, NOW()),
('100503','Chavín de Pariarca',92,10, NOW()),
('100504','Jacas Grande',92,10, NOW()),
('100505','Jircan',92,10, NOW()),
('100506','Miraflores',92,10, NOW()),
('100507','Monzón',92,10, NOW()),
('100508','Punchao',92,10, NOW()),
('100509','Puños',92,10, NOW()),
('100510','Singa',92,10, NOW()),
('100511','Tantamayo',92,10, NOW()),
('100601','Rupa-Rupa',93,10, NOW()),
('100602','Daniel Alomía Robles',93,10, NOW()),
('100603','Hermílio Valdizan',93,10, NOW()),
('100604','José Crespo y Castillo',93,10, NOW()),
('100605','Luyando',93,10, NOW()),
('100606','Mariano Damaso Beraun',93,10, NOW()),
('100607','Pucayacu',93,10, NOW()),
('100608','Castillo Grande',93,10, NOW()),
('100609','Pueblo Nuevo',93,10, NOW()),
('100610','Santo Domingo de Anda',93,10, NOW()),
('100701','Huacrachuco',94,10, NOW()),
('100702','Cholon',94,10, NOW()),
('100703','San Buenaventura',94,10, NOW()),
('100704','La Morada',94,10, NOW()),
('100705','Santa Rosa de Alto Yanajanca',94,10, NOW()),
('100801','Panao',95,10, NOW()),
('100802','Chaglla',95,10, NOW()),
('100803','Molino',95,10, NOW()),
('100804','Umari',95,10, NOW()),
('100901','Puerto Inca',96,10, NOW()),
('100902','Codo del Pozuzo',96,10, NOW()),
('100903','Honoria',96,10, NOW()),
('100904','Tournavista',96,10, NOW()),
('100905','Yuyapichis',96,10, NOW()),
('101001','Jesús',97,10, NOW()),
('101002','Baños',97,10, NOW()),
('101003','Jivia',97,10, NOW()),
('101004','Queropalca',97,10, NOW()),
('101005','Rondos',97,10, NOW()),
('101006','San Francisco de Asís',97,10, NOW()),
('101007','San Miguel de Cauri',97,10, NOW()),
('101101','Chavinillo',98,10, NOW()),
('101102','Cahuac',98,10, NOW()),
('101103','Chacabamba',98,10, NOW()),
('101104','Aparicio Pomares',98,10, NOW()),
('101105','Jacas Chico',98,10, NOW()),
('101106','Obas',98,10, NOW()),
('101107','Pampamarca',98,10, NOW()),
('101108','Choras',98,10, NOW()),
('110101','Ica',99,11, NOW()),
('110102','La Tinguiña',99,11, NOW()),
('110103','Los Aquijes',99,11, NOW()),
('110104','Ocucaje',99,11, NOW()),
('110105','Pachacutec',99,11, NOW()),
('110106','Parcona',99,11, NOW()),
('110107','Pueblo Nuevo',99,11, NOW()),
('110108','Salas',99,11, NOW()),
('110109','San José de Los Molinos',99,11, NOW()),
('110110','San Juan Bautista',99,11, NOW()),
('110111','Santiago',99,11, NOW()),
('110112','Subtanjalla',99,11, NOW()),
('110113','Tate',99,11, NOW()),
('110114','Yauca del Rosario',99,11, NOW()),
('110201','Chincha Alta',100,11, NOW()),
('110202','Alto Laran',100,11, NOW()),
('110203','Chavin',100,11, NOW()),
('110204','Chincha Baja',100,11, NOW()),
('110205','El Carmen',100,11, NOW()),
('110206','Grocio Prado',100,11, NOW()),
('110207','Pueblo Nuevo',100,11, NOW()),
('110208','San Juan de Yanac',100,11, NOW()),
('110209','San Pedro de Huacarpana',100,11, NOW()),
('110210','Sunampe',100,11, NOW()),
('110211','Tambo de Mora',100,11, NOW()),
('110301','Nasca',101,11, NOW()),
('110302','Changuillo',101,11, NOW()),
('110303','El Ingenio',101,11, NOW()),
('110304','Marcona',101,11, NOW()),
('110305','Vista Alegre',101,11, NOW()),
('110401','Palpa',102,11, NOW()),
('110402','Llipata',102,11, NOW()),
('110403','Río Grande',102,11, NOW()),
('110404','Santa Cruz',102,11, NOW()),
('110405','Tibillo',102,11, NOW()),
('110501','Pisco',103,11, NOW()),
('110502','Huancano',103,11, NOW()),
('110503','Humay',103,11, NOW()),
('110504','Independencia',103,11, NOW()),
('110505','Paracas',103,11, NOW()),
('110506','San Andrés',103,11, NOW()),
('110507','San Clemente',103,11, NOW()),
('110508','Tupac Amaru Inca',103,11, NOW()),
('120101','Huancayo',104,12, NOW()),
('120104','Carhuacallanga',104,12, NOW()),
('120105','Chacapampa',104,12, NOW()),
('120106','Chicche',104,12, NOW()),
('120107','Chilca',104,12, NOW()),
('120108','Chongos Alto',104,12, NOW()),
('120111','Chupuro',104,12, NOW()),
('120112','Colca',104,12, NOW()),
('120113','Cullhuas',104,12, NOW()),
('120114','El Tambo',104,12, NOW()),
('120116','Huacrapuquio',104,12, NOW()),
('120117','Hualhuas',104,12, NOW()),
('120119','Huancan',104,12, NOW()),
('120120','Huasicancha',104,12, NOW()),
('120121','Huayucachi',104,12, NOW()),
('120122','Ingenio',104,12, NOW()),
('120124','Pariahuanca',104,12, NOW()),
('120125','Pilcomayo',104,12, NOW()),
('120126','Pucara',104,12, NOW()),
('120127','Quichuay',104,12, NOW()),
('120128','Quilcas',104,12, NOW()),
('120129','San Agustín',104,12, NOW()),
('120130','San Jerónimo de Tunan',104,12, NOW()),
('120132','Saño',104,12, NOW()),
('120133','Sapallanga',104,12, NOW()),
('120134','Sicaya',104,12, NOW()),
('120135','Santo Domingo de Acobamba',104,12, NOW()),
('120136','Viques',104,12, NOW()),
('120201','Concepción',105,12, NOW()),
('120202','Aco',105,12, NOW()),
('120203','Andamarca',105,12, NOW()),
('120204','Chambara',105,12, NOW()),
('120205','Cochas',105,12, NOW()),
('120206','Comas',105,12, NOW()),
('120207','Heroínas Toledo',105,12, NOW()),
('120208','Manzanares',105,12, NOW()),
('120209','Mariscal Castilla',105,12, NOW()),
('120210','Matahuasi',105,12, NOW()),
('120211','Mito',105,12, NOW()),
('120212','Nueve de Julio',105,12, NOW()),
('120213','Orcotuna',105,12, NOW()),
('120214','San José de Quero',105,12, NOW()),
('120215','Santa Rosa de Ocopa',105,12, NOW()),
('120301','Chanchamayo',106,12, NOW()),
('120302','Perene',106,12, NOW()),
('120303','Pichanaqui',106,12, NOW()),
('120304','San Luis de Shuaro',106,12, NOW()),
('120305','San Ramón',106,12, NOW()),
('120306','Vitoc',106,12, NOW()),
('120401','Jauja',107,12, NOW()),
('120402','Acolla',107,12, NOW()),
('120403','Apata',107,12, NOW()),
('120404','Ataura',107,12, NOW()),
('120405','Canchayllo',107,12, NOW()),
('120406','Curicaca',107,12, NOW()),
('120407','El Mantaro',107,12, NOW()),
('120408','Huamali',107,12, NOW()),
('120409','Huaripampa',107,12, NOW()),
('120410','Huertas',107,12, NOW()),
('120411','Janjaillo',107,12, NOW()),
('120412','Julcán',107,12, NOW()),
('120413','Leonor Ordóñez',107,12, NOW()),
('120414','Llocllapampa',107,12, NOW()),
('120415','Marco',107,12, NOW()),
('120416','Masma',107,12, NOW()),
('120417','Masma Chicche',107,12, NOW()),
('120418','Molinos',107,12, NOW()),
('120419','Monobamba',107,12, NOW()),
('120420','Muqui',107,12, NOW()),
('120421','Muquiyauyo',107,12, NOW()),
('120422','Paca',107,12, NOW()),
('120423','Paccha',107,12, NOW()),
('120424','Pancan',107,12, NOW()),
('120425','Parco',107,12, NOW()),
('120426','Pomacancha',107,12, NOW()),
('120427','Ricran',107,12, NOW()),
('120428','San Lorenzo',107,12, NOW()),
('120429','San Pedro de Chunan',107,12, NOW()),
('120430','Sausa',107,12, NOW()),
('120431','Sincos',107,12, NOW()),
('120432','Tunan Marca',107,12, NOW()),
('120433','Yauli',107,12, NOW()),
('120434','Yauyos',107,12, NOW()),
('120501','Junin',108,12, NOW()),
('120502','Carhuamayo',108,12, NOW()),
('120503','Ondores',108,12, NOW()),
('120504','Ulcumayo',108,12, NOW()),
('120601','Satipo',109,12, NOW()),
('120602','Coviriali',109,12, NOW()),
('120603','Llaylla',109,12, NOW()),
('120604','Mazamari',109,12, NOW()),
('120605','Pampa Hermosa',109,12, NOW()),
('120606','Pangoa',109,12, NOW()),
('120607','Río Negro',109,12, NOW()),
('120608','Río Tambo',109,12, NOW()),
('120609','Vizcatan del Ene',109,12, NOW()),
('120701','Tarma',110,12, NOW()),
('120702','Acobamba',110,12, NOW()),
('120703','Huaricolca',110,12, NOW()),
('120704','Huasahuasi',110,12, NOW()),
('120705','La Unión',110,12, NOW()),
('120706','Palca',110,12, NOW()),
('120707','Palcamayo',110,12, NOW()),
('120708','San Pedro de Cajas',110,12, NOW()),
('120709','Tapo',110,12, NOW()),
('120801','La Oroya',111,12, NOW()),
('120802','Chacapalpa',111,12, NOW()),
('120803','Huay-Huay',111,12, NOW()),
('120804','Marcapomacocha',111,12, NOW()),
('120805','Morococha',111,12, NOW()),
('120806','Paccha',111,12, NOW()),
('120807','Santa Bárbara de Carhuacayan',111,12, NOW()),
('120808','Santa Rosa de Sacco',111,12, NOW()),
('120809','Suitucancha',111,12, NOW()),
('120810','Yauli',111,12, NOW()),
('120901','Chupaca',112,12, NOW()),
('120902','Ahuac',112,12, NOW()),
('120903','Chongos Bajo',112,12, NOW()),
('120904','Huachac',112,12, NOW()),
('120905','Huamancaca Chico',112,12, NOW()),
('120906','San Juan de Iscos',112,12, NOW()),
('120907','San Juan de Jarpa',112,12, NOW()),
('120908','Tres de Diciembre',112,12, NOW()),
('120909','Yanacancha',112,12, NOW()),
('130101','Trujillo',113,13, NOW()),
('130102','El Porvenir',113,13, NOW()),
('130103','Florencia de Mora',113,13, NOW()),
('130104','Huanchaco',113,13, NOW()),
('130105','La Esperanza',113,13, NOW()),
('130106','Laredo',113,13, NOW()),
('130107','Moche',113,13, NOW()),
('130108','Poroto',113,13, NOW()),
('130109','Salaverry',113,13, NOW()),
('130110','Simbal',113,13, NOW()),
('130111','Victor Larco Herrera',113,13, NOW()),
('130201','Ascope',114,13, NOW()),
('130202','Chicama',114,13, NOW()),
('130203','Chocope',114,13, NOW()),
('130204','Magdalena de Cao',114,13, NOW()),
('130205','Paijan',114,13, NOW()),
('130206','Rázuri',114,13, NOW()),
('130207','Santiago de Cao',114,13, NOW()),
('130208','Casa Grande',114,13, NOW()),
('130301','Bolívar',115,13, NOW()),
('130302','Bambamarca',115,13, NOW()),
('130303','Condormarca',115,13, NOW()),
('130304','Longotea',115,13, NOW()),
('130305','Uchumarca',115,13, NOW()),
('130306','Ucuncha',115,13, NOW()),
('130401','Chepen',116,13, NOW()),
('130402','Pacanga',116,13, NOW()),
('130403','Pueblo Nuevo',116,13, NOW()),
('130501','Julcan',117,13, NOW()),
('130502','Calamarca',117,13, NOW()),
('130503','Carabamba',117,13, NOW()),
('130504','Huaso',117,13, NOW()),
('130601','Otuzco',118,13, NOW()),
('130602','Agallpampa',118,13, NOW()),
('130604','Charat',118,13, NOW()),
('130605','Huaranchal',118,13, NOW()),
('130606','La Cuesta',118,13, NOW()),
('130608','Mache',118,13, NOW()),
('130610','Paranday',118,13, NOW()),
('130611','Salpo',118,13, NOW()),
('130613','Sinsicap',118,13, NOW()),
('130614','Usquil',118,13, NOW()),
('130701','San Pedro de Lloc',119,13, NOW()),
('130702','Guadalupe',119,13, NOW()),
('130703','Jequetepeque',119,13, NOW()),
('130704','Pacasmayo',119,13, NOW()),
('130705','San José',119,13, NOW()),
('130801','Tayabamba',120,13, NOW()),
('130802','Buldibuyo',120,13, NOW()),
('130803','Chillia',120,13, NOW()),
('130804','Huancaspata',120,13, NOW()),
('130805','Huaylillas',120,13, NOW()),
('130806','Huayo',120,13, NOW()),
('130807','Ongon',120,13, NOW()),
('130808','Parcoy',120,13, NOW()),
('130809','Pataz',120,13, NOW()),
('130810','Pias',120,13, NOW()),
('130811','Santiago de Challas',120,13, NOW()),
('130812','Taurija',120,13, NOW()),
('130813','Urpay',120,13, NOW()),
('130901','Huamachuco',121,13, NOW()),
('130902','Chugay',121,13, NOW()),
('130903','Cochorco',121,13, NOW()),
('130904','Curgos',121,13, NOW()),
('130905','Marcabal',121,13, NOW()),
('130906','Sanagoran',121,13, NOW()),
('130907','Sarin',121,13, NOW()),
('130908','Sartimbamba',121,13, NOW()),
('131001','Santiago de Chuco',122,13, NOW()),
('131002','Angasmarca',122,13, NOW()),
('131003','Cachicadan',122,13, NOW()),
('131004','Mollebamba',122,13, NOW()),
('131005','Mollepata',122,13, NOW()),
('131006','Quiruvilca',122,13, NOW()),
('131007','Santa Cruz de Chuca',122,13, NOW()),
('131008','Sitabamba',122,13, NOW()),
('131101','Cascas',123,13, NOW()),
('131102','Lucma',123,13, NOW()),
('131103','Marmot',123,13, NOW()),
('131104','Sayapullo',123,13, NOW()),
('131201','Viru',124,13, NOW()),
('131202','Chao',124,13, NOW()),
('131203','Guadalupito',124,13, NOW()),
('140101','Chiclayo',125,14, NOW()),
('140102','Chongoyape',125,14, NOW()),
('140103','Eten',125,14, NOW()),
('140104','Eten Puerto',125,14, NOW()),
('140105','José Leonardo Ortiz',125,14, NOW()),
('140106','La Victoria',125,14, NOW()),
('140107','Lagunas',125,14, NOW()),
('140108','Monsefu',125,14, NOW()),
('140109','Nueva Arica',125,14, NOW()),
('140110','Oyotun',125,14, NOW()),
('140111','Picsi',125,14, NOW()),
('140112','Pimentel',125,14, NOW()),
('140113','Reque',125,14, NOW()),
('140114','Santa Rosa',125,14, NOW()),
('140115','Saña',125,14, NOW()),
('140116','Cayalti',125,14, NOW()),
('140117','Patapo',125,14, NOW()),
('140118','Pomalca',125,14, NOW()),
('140119','Pucala',125,14, NOW()),
('140120','Tuman',125,14, NOW()),
('140201','Ferreñafe',126,14, NOW()),
('140202','Cañaris',126,14, NOW()),
('140203','Incahuasi',126,14, NOW()),
('140204','Manuel Antonio Mesones Muro',126,14, NOW()),
('140205','Pitipo',126,14, NOW()),
('140206','Pueblo Nuevo',126,14, NOW()),
('140301','Lambayeque',127,14, NOW()),
('140302','Chochope',127,14, NOW()),
('140303','Illimo',127,14, NOW()),
('140304','Jayanca',127,14, NOW()),
('140305','Mochumi',127,14, NOW()),
('140306','Morrope',127,14, NOW()),
('140307','Motupe',127,14, NOW()),
('140308','Olmos',127,14, NOW()),
('140309','Pacora',127,14, NOW()),
('140310','Salas',127,14, NOW()),
('140311','San José',127,14, NOW()),
('140312','Tucume',127,14, NOW()),
('150101','Lima',128,15, NOW()),
('150102','Ancón',128,15, NOW()),
('150103','Ate',128,15, NOW()),
('150104','Barranco',128,15, NOW()),
('150105','Breña',128,15, NOW()),
('150106','Carabayllo',128,15, NOW()),
('150107','Chaclacayo',128,15, NOW()),
('150108','Chorrillos',128,15, NOW()),
('150109','Cieneguilla',128,15, NOW()),
('150110','Comas',128,15, NOW()),
('150111','El Agustino',128,15, NOW()),
('150112','Independencia',128,15, NOW()),
('150113','Jesús María',128,15, NOW()),
('150114','La Molina',128,15, NOW()),
('150115','La Victoria',128,15, NOW()),
('150116','Lince',128,15, NOW()),
('150117','Los Olivos',128,15, NOW()),
('150118','Lurigancho',128,15, NOW()),
('150119','Lurin',128,15, NOW()),
('150120','Magdalena del Mar',128,15, NOW()),
('150121','Pueblo Libre',128,15, NOW()),
('150122','Miraflores',128,15, NOW()),
('150123','Pachacamac',128,15, NOW()),
('150124','Pucusana',128,15, NOW()),
('150125','Puente Piedra',128,15, NOW()),
('150126','Punta Hermosa',128,15, NOW()),
('150127','Punta Negra',128,15, NOW()),
('150128','Rímac',128,15, NOW()),
('150129','San Bartolo',128,15, NOW()),
('150130','San Borja',128,15, NOW()),
('150131','San Isidro',128,15, NOW()),
('150132','San Juan de Lurigancho',128,15, NOW()),
('150133','San Juan de Miraflores',128,15, NOW()),
('150134','San Luis',128,15, NOW()),
('150135','San Martín de Porres',128,15, NOW()),
('150136','San Miguel',128,15, NOW()),
('150137','Santa Anita',128,15, NOW()),
('150138','Santa María del Mar',128,15, NOW()),
('150139','Santa Rosa',128,15, NOW()),
('150140','Santiago de Surco',128,15, NOW()),
('150141','Surquillo',128,15, NOW()),
('150142','Villa El Salvador',128,15, NOW()),
('150143','Villa María del Triunfo',128,15, NOW()),
('150201','Barranca',129,15, NOW()),
('150202','Paramonga',129,15, NOW()),
('150203','Pativilca',129,15, NOW()),
('150204','Supe',129,15, NOW()),
('150205','Supe Puerto',129,15, NOW()),
('150301','Cajatambo',130,15, NOW()),
('150302','Copa',130,15, NOW()),
('150303','Gorgor',130,15, NOW()),
('150304','Huancapon',130,15, NOW()),
('150305','Manas',130,15, NOW()),
('150401','Canta',131,15, NOW()),
('150402','Arahuay',131,15, NOW()),
('150403','Huamantanga',131,15, NOW()),
('150404','Huaros',131,15, NOW()),
('150405','Lachaqui',131,15, NOW()),
('150406','San Buenaventura',131,15, NOW()),
('150407','Santa Rosa de Quives',131,15, NOW()),
('150501','San Vicente de Cañete',132,15, NOW()),
('150502','Asia',132,15, NOW()),
('150503','Calango',132,15, NOW()),
('150504','Cerro Azul',132,15, NOW()),
('150505','Chilca',132,15, NOW()),
('150506','Coayllo',132,15, NOW()),
('150507','Imperial',132,15, NOW()),
('150508','Lunahuana',132,15, NOW()),
('150509','Mala',132,15, NOW()),
('150510','Nuevo Imperial',132,15, NOW()),
('150511','Pacaran',132,15, NOW()),
('150512','Quilmana',132,15, NOW()),
('150513','San Antonio',132,15, NOW()),
('150514','San Luis',132,15, NOW()),
('150515','Santa Cruz de Flores',132,15, NOW()),
('150516','Zúñiga',132,15, NOW()),
('150601','Huaral',133,15, NOW()),
('150602','Atavillos Alto',133,15, NOW()),
('150603','Atavillos Bajo',133,15, NOW()),
('150604','Aucallama',133,15, NOW()),
('150605','Chancay',133,15, NOW()),
('150606','Ihuari',133,15, NOW()),
('150607','Lampian',133,15, NOW()),
('150608','Pacaraos',133,15, NOW()),
('150609','San Miguel de Acos',133,15, NOW()),
('150610','Santa Cruz de Andamarca',133,15, NOW()),
('150611','Sumbilca',133,15, NOW()),
('150612','Veintisiete de Noviembre',133,15, NOW()),
('150701','Matucana',134,15, NOW()),
('150702','Antioquia',134,15, NOW()),
('150703','Callahuanca',134,15, NOW()),
('150704','Carampoma',134,15, NOW()),
('150705','Chicla',134,15, NOW()),
('150706','Cuenca',134,15, NOW()),
('150707','Huachupampa',134,15, NOW()),
('150708','Huanza',134,15, NOW()),
('150709','Huarochiri',134,15, NOW()),
('150710','Lahuaytambo',134,15, NOW()),
('150711','Langa',134,15, NOW()),
('150712','Laraos',134,15, NOW()),
('150713','Mariatana',134,15, NOW()),
('150714','Ricardo Palma',134,15, NOW()),
('150715','San Andrés de Tupicocha',134,15, NOW()),
('150716','San Antonio',134,15, NOW()),
('150717','San Bartolomé',134,15, NOW()),
('150718','San Damian',134,15, NOW()),
('150719','San Juan de Iris',134,15, NOW()),
('150720','San Juan de Tantaranche',134,15, NOW()),
('150721','San Lorenzo de Quinti',134,15, NOW()),
('150722','San Mateo',134,15, NOW()),
('150723','San Mateo de Otao',134,15, NOW()),
('150724','San Pedro de Casta',134,15, NOW()),
('150725','San Pedro de Huancayre',134,15, NOW()),
('150726','Sangallaya',134,15, NOW()),
('150727','Santa Cruz de Cocachacra',134,15, NOW()),
('150728','Santa Eulalia',134,15, NOW()),
('150729','Santiago de Anchucaya',134,15, NOW()),
('150730','Santiago de Tuna',134,15, NOW()),
('150731','Santo Domingo de Los Olleros',134,15, NOW()),
('150732','Surco',134,15, NOW()),
('150801','Huacho',135,15, NOW()),
('150802','Ambar',135,15, NOW()),
('150803','Caleta de Carquin',135,15, NOW()),
('150804','Checras',135,15, NOW()),
('150805','Hualmay',135,15, NOW()),
('150806','Huaura',135,15, NOW()),
('150807','Leoncio Prado',135,15, NOW()),
('150808','Paccho',135,15, NOW()),
('150809','Santa Leonor',135,15, NOW()),
('150810','Santa María',135,15, NOW()),
('150811','Sayan',135,15, NOW()),
('150812','Vegueta',135,15, NOW()),
('150901','Oyon',136,15, NOW()),
('150902','Andajes',136,15, NOW()),
('150903','Caujul',136,15, NOW()),
('150904','Cochamarca',136,15, NOW()),
('150905','Navan',136,15, NOW()),
('150906','Pachangara',136,15, NOW()),
('151001','Yauyos',137,15, NOW()),
('151002','Alis',137,15, NOW()),
('151003','Allauca',137,15, NOW()),
('151004','Ayaviri',137,15, NOW()),
('151005','Azángaro',137,15, NOW()),
('151006','Cacra',137,15, NOW()),
('151007','Carania',137,15, NOW()),
('151008','Catahuasi',137,15, NOW()),
('151009','Chocos',137,15, NOW()),
('151010','Cochas',137,15, NOW()),
('151011','Colonia',137,15, NOW()),
('151012','Hongos',137,15, NOW()),
('151013','Huampara',137,15, NOW()),
('151014','Huancaya',137,15, NOW()),
('151015','Huangascar',137,15, NOW()),
('151016','Huantan',137,15, NOW()),
('151017','Huañec',137,15, NOW()),
('151018','Laraos',137,15, NOW()),
('151019','Lincha',137,15, NOW()),
('151020','Madean',137,15, NOW()),
('151021','Miraflores',137,15, NOW()),
('151022','Omas',137,15, NOW()),
('151023','Putinza',137,15, NOW()),
('151024','Quinches',137,15, NOW()),
('151025','Quinocay',137,15, NOW()),
('151026','San Joaquín',137,15, NOW()),
('151027','San Pedro de Pilas',137,15, NOW()),
('151028','Tanta',137,15, NOW()),
('151029','Tauripampa',137,15, NOW()),
('151030','Tomas',137,15, NOW()),
('151031','Tupe',137,15, NOW()),
('151032','Viñac',137,15, NOW()),
('151033','Vitis',137,15, NOW()),
('160101','Iquitos',138,16, NOW()),
('160102','Alto Nanay',138,16, NOW()),
('160103','Fernando Lores',138,16, NOW()),
('160104','Indiana',138,16, NOW()),
('160105','Las Amazonas',138,16, NOW()),
('160106','Mazan',138,16, NOW()),
('160107','Napo',138,16, NOW()),
('160108','Punchana',138,16, NOW()),
('160110','Torres Causana',138,16, NOW()),
('160112','Belén',138,16, NOW()),
('160113','San Juan Bautista',138,16, NOW()),
('160201','Yurimaguas',139,16, NOW()),
('160202','Balsapuerto',139,16, NOW()),
('160205','Jeberos',139,16, NOW()),
('160206','Lagunas',139,16, NOW()),
('160210','Santa Cruz',139,16, NOW()),
('160211','Teniente Cesar López Rojas',139,16, NOW()),
('160301','Nauta',140,16, NOW()),
('160302','Parinari',140,16, NOW()),
('160303','Tigre',140,16, NOW()),
('160304','Trompeteros',140,16, NOW()),
('160305','Urarinas',140,16, NOW()),
('160401','Ramón Castilla',141,16, NOW()),
('160402','Pebas',141,16, NOW()),
('160403','Yavari',141,16, NOW()),
('160404','San Pablo',141,16, NOW()),
('160501','Requena',142,16, NOW()),
('160502','Alto Tapiche',142,16, NOW()),
('160503','Capelo',142,16, NOW()),
('160504','Emilio San Martín',142,16, NOW()),
('160505','Maquia',142,16, NOW()),
('160506','Puinahua',142,16, NOW()),
('160507','Saquena',142,16, NOW()),
('160508','Soplin',142,16, NOW()),
('160509','Tapiche',142,16, NOW()),
('160510','Jenaro Herrera',142,16, NOW()),
('160511','Yaquerana',142,16, NOW()),
('160601','Contamana',143,16, NOW()),
('160602','Inahuaya',143,16, NOW()),
('160603','Padre Márquez',143,16, NOW()),
('160604','Pampa Hermosa',143,16, NOW()),
('160605','Sarayacu',143,16, NOW()),
('160606','Vargas Guerra',143,16, NOW()),
('160701','Barranca',144,16, NOW()),
('160702','Cahuapanas',144,16, NOW()),
('160703','Manseriche',144,16, NOW()),
('160704','Morona',144,16, NOW()),
('160705','Pastaza',144,16, NOW()),
('160706','Andoas',144,16, NOW()),
('160801','Putumayo',145,16, NOW()),
('160802','Rosa Panduro',145,16, NOW()),
('160803','Teniente Manuel Clavero',145,16, NOW()),
('160804','Yaguas',145,16, NOW()),
('170101','Tambopata',146,17, NOW()),
('170102','Inambari',146,17, NOW()),
('170103','Las Piedras',146,17, NOW()),
('170104','Laberinto',146,17, NOW()),
('170201','Manu',147,17, NOW()),
('170202','Fitzcarrald',147,17, NOW()),
('170203','Madre de Dios',147,17, NOW()),
('170204','Huepetuhe',147,17, NOW()),
('170301','Iñapari',148,17, NOW()),
('170302','Iberia',148,17, NOW()),
('170303','Tahuamanu',148,17, NOW()),
('180101','Moquegua',149,18, NOW()),
('180102','Carumas',149,18, NOW()),
('180103','Cuchumbaya',149,18, NOW()),
('180104','Samegua',149,18, NOW()),
('180105','San Cristóbal',149,18, NOW()),
('180106','Torata',149,18, NOW()),
('180201','Omate',150,18, NOW()),
('180202','Chojata',150,18, NOW()),
('180203','Coalaque',150,18, NOW()),
('180204','Ichuña',150,18, NOW()),
('180205','La Capilla',150,18, NOW()),
('180206','Lloque',150,18, NOW()),
('180207','Matalaque',150,18, NOW()),
('180208','Puquina',150,18, NOW()),
('180209','Quinistaquillas',150,18, NOW()),
('180210','Ubinas',150,18, NOW()),
('180211','Yunga',150,18, NOW()),
('180301','Ilo',151,18, NOW()),
('180302','El Algarrobal',151,18, NOW()),
('180303','Pacocha',151,18, NOW()),
('190101','Chaupimarca',152,19, NOW()),
('190102','Huachon',152,19, NOW()),
('190103','Huariaca',152,19, NOW()),
('190104','Huayllay',152,19, NOW()),
('190105','Ninacaca',152,19, NOW()),
('190106','Pallanchacra',152,19, NOW()),
('190107','Paucartambo',152,19, NOW()),
('190108','San Francisco de Asís de Yarusyacan',152,19, NOW()),
('190109','Simon Bolívar',152,19, NOW()),
('190110','Ticlacayan',152,19, NOW()),
('190111','Tinyahuarco',152,19, NOW()),
('190112','Vicco',152,19, NOW()),
('190113','Yanacancha',152,19, NOW()),
('190201','Yanahuanca',153,19, NOW()),
('190202','Chacayan',153,19, NOW()),
('190203','Goyllarisquizga',153,19, NOW()),
('190204','Paucar',153,19, NOW()),
('190205','San Pedro de Pillao',153,19, NOW()),
('190206','Santa Ana de Tusi',153,19, NOW()),
('190207','Tapuc',153,19, NOW()),
('190208','Vilcabamba',153,19, NOW()),
('190301','Oxapampa',154,19, NOW()),
('190302','Chontabamba',154,19, NOW()),
('190303','Huancabamba',154,19, NOW()),
('190304','Palcazu',154,19, NOW()),
('190305','Pozuzo',154,19, NOW()),
('190306','Puerto Bermúdez',154,19, NOW()),
('190307','Villa Rica',154,19, NOW()),
('190308','Constitución',154,19, NOW()),
('200101','Piura',155,20, NOW()),
('200104','Castilla',155,20, NOW()),
('200105','Catacaos',155,20, NOW()),
('200107','Cura Mori',155,20, NOW()),
('200108','El Tallan',155,20, NOW()),
('200109','La Arena',155,20, NOW()),
('200110','La Unión',155,20, NOW()),
('200111','Las Lomas',155,20, NOW()),
('200114','Tambo Grande',155,20, NOW()),
('200115','Veintiseis de Octubre',155,20, NOW()),
('200201','Ayabaca',156,20, NOW()),
('200202','Frias',156,20, NOW()),
('200203','Jilili',156,20, NOW()),
('200204','Lagunas',156,20, NOW()),
('200205','Montero',156,20, NOW()),
('200206','Pacaipampa',156,20, NOW()),
('200207','Paimas',156,20, NOW()),
('200208','Sapillica',156,20, NOW()),
('200209','Sicchez',156,20, NOW()),
('200210','Suyo',156,20, NOW()),
('200301','Huancabamba',157,20, NOW()),
('200302','Canchaque',157,20, NOW()),
('200303','El Carmen de la Frontera',157,20, NOW()),
('200304','Huarmaca',157,20, NOW()),
('200305','Lalaquiz',157,20, NOW()),
('200306','San Miguel de El Faique',157,20, NOW()),
('200307','Sondor',157,20, NOW()),
('200308','Sondorillo',157,20, NOW()),
('200401','Chulucanas',158,20, NOW()),
('200402','Buenos Aires',158,20, NOW()),
('200403','Chalaco',158,20, NOW()),
('200404','La Matanza',158,20, NOW()),
('200405','Morropon',158,20, NOW()),
('200406','Salitral',158,20, NOW()),
('200407','San Juan de Bigote',158,20, NOW()),
('200408','Santa Catalina de Mossa',158,20, NOW()),
('200409','Santo Domingo',158,20, NOW()),
('200410','Yamango',158,20, NOW()),
('200501','Paita',159,20, NOW()),
('200502','Amotape',159,20, NOW()),
('200503','Arenal',159,20, NOW()),
('200504','Colan',159,20, NOW()),
('200505','La Huaca',159,20, NOW()),
('200506','Tamarindo',159,20, NOW()),
('200507','Vichayal',159,20, NOW()),
('200601','Sullana',160,20, NOW()),
('200602','Bellavista',160,20, NOW()),
('200603','Ignacio Escudero',160,20, NOW()),
('200604','Lancones',160,20, NOW()),
('200605','Marcavelica',160,20, NOW()),
('200606','Miguel Checa',160,20, NOW()),
('200607','Querecotillo',160,20, NOW()),
('200608','Salitral',160,20, NOW()),
('200701','Pariñas',161,20, NOW()),
('200702','El Alto',161,20, NOW()),
('200703','La Brea',161,20, NOW()),
('200704','Lobitos',161,20, NOW()),
('200705','Los Organos',161,20, NOW()),
('200706','Mancora',161,20, NOW()),
('200801','Sechura',162,20, NOW()),
('200802','Bellavista de la Unión',162,20, NOW()),
('200803','Bernal',162,20, NOW()),
('200804','Cristo Nos Valga',162,20, NOW()),
('200805','Vice',162,20, NOW()),
('200806','Rinconada Llicuar',162,20, NOW()),
('210101','Puno',163,21, NOW()),
('210102','Acora',163,21, NOW()),
('210103','Amantani',163,21, NOW()),
('210104','Atuncolla',163,21, NOW()),
('210105','Capachica',163,21, NOW()),
('210106','Chucuito',163,21, NOW()),
('210107','Coata',163,21, NOW()),
('210108','Huata',163,21, NOW()),
('210109','Mañazo',163,21, NOW()),
('210110','Paucarcolla',163,21, NOW()),
('210111','Pichacani',163,21, NOW()),
('210112','Plateria',163,21, NOW()),
('210113','San Antonio',163,21, NOW()),
('210114','Tiquillaca',163,21, NOW()),
('210115','Vilque',163,21, NOW()),
('210201','Azángaro',164,21, NOW()),
('210202','Achaya',164,21, NOW()),
('210203','Arapa',164,21, NOW()),
('210204','Asillo',164,21, NOW()),
('210205','Caminaca',164,21, NOW()),
('210206','Chupa',164,21, NOW()),
('210207','José Domingo Choquehuanca',164,21, NOW()),
('210208','Muñani',164,21, NOW()),
('210209','Potoni',164,21, NOW()),
('210210','Saman',164,21, NOW()),
('210211','San Anton',164,21, NOW()),
('210212','San José',164,21, NOW()),
('210213','San Juan de Salinas',164,21, NOW()),
('210214','Santiago de Pupuja',164,21, NOW()),
('210215','Tirapata',164,21, NOW()),
('210301','Macusani',165,21, NOW()),
('210302','Ajoyani',165,21, NOW()),
('210303','Ayapata',165,21, NOW()),
('210304','Coasa',165,21, NOW()),
('210305','Corani',165,21, NOW()),
('210306','Crucero',165,21, NOW()),
('210307','Ituata',165,21, NOW()),
('210308','Ollachea',165,21, NOW()),
('210309','San Gaban',165,21, NOW()),
('210310','Usicayos',165,21, NOW()),
('210401','Juli',166,21, NOW()),
('210402','Desaguadero',166,21, NOW()),
('210403','Huacullani',166,21, NOW()),
('210404','Kelluyo',166,21, NOW()),
('210405','Pisacoma',166,21, NOW()),
('210406','Pomata',166,21, NOW()),
('210407','Zepita',166,21, NOW()),
('210501','Ilave',167,21, NOW()),
('210502','Capazo',167,21, NOW()),
('210503','Pilcuyo',167,21, NOW()),
('210504','Santa Rosa',167,21, NOW()),
('210505','Conduriri',167,21, NOW()),
('210601','Huancane',168,21, NOW()),
('210602','Cojata',168,21, NOW()),
('210603','Huatasani',168,21, NOW()),
('210604','Inchupalla',168,21, NOW()),
('210605','Pusi',168,21, NOW()),
('210606','Rosaspata',168,21, NOW()),
('210607','Taraco',168,21, NOW()),
('210608','Vilque Chico',168,21, NOW()),
('210701','Lampa',169,21, NOW()),
('210702','Cabanilla',169,21, NOW()),
('210703','Calapuja',169,21, NOW()),
('210704','Nicasio',169,21, NOW()),
('210705','Ocuviri',169,21, NOW()),
('210706','Palca',169,21, NOW()),
('210707','Paratia',169,21, NOW()),
('210708','Pucara',169,21, NOW()),
('210709','Santa Lucia',169,21, NOW()),
('210710','Vilavila',169,21, NOW()),
('210801','Ayaviri',170,21, NOW()),
('210802','Antauta',170,21, NOW()),
('210803','Cupi',170,21, NOW()),
('210804','Llalli',170,21, NOW()),
('210805','Macari',170,21, NOW()),
('210806','Nuñoa',170,21, NOW()),
('210807','Orurillo',170,21, NOW()),
('210808','Santa Rosa',170,21, NOW()),
('210809','Umachiri',170,21, NOW()),
('210901','Moho',171,21, NOW()),
('210902','Conima',171,21, NOW()),
('210903','Huayrapata',171,21, NOW()),
('210904','Tilali',171,21, NOW()),
('211001','Putina',172,21, NOW()),
('211002','Ananea',172,21, NOW()),
('211003','Pedro Vilca Apaza',172,21, NOW()),
('211004','Quilcapuncu',172,21, NOW()),
('211005','Sina',172,21, NOW()),
('211101','Juliaca',173,21, NOW()),
('211102','Cabana',173,21, NOW()),
('211103','Cabanillas',173,21, NOW()),
('211104','Caracoto',173,21, NOW()),
('211105','San Miguel',173,21, NOW()),
('211201','Sandia',174,21, NOW()),
('211202','Cuyocuyo',174,21, NOW()),
('211203','Limbani',174,21, NOW()),
('211204','Patambuco',174,21, NOW()),
('211205','Phara',174,21, NOW()),
('211206','Quiaca',174,21, NOW()),
('211207','San Juan del Oro',174,21, NOW()),
('211208','Yanahuaya',174,21, NOW()),
('211209','Alto Inambari',174,21, NOW()),
('211210','San Pedro de Putina Punco',174,21, NOW()),
('211301','Yunguyo',175,21, NOW()),
('211302','Anapia',175,21, NOW()),
('211303','Copani',175,21, NOW()),
('211304','Cuturapi',175,21, NOW()),
('211305','Ollaraya',175,21, NOW()),
('211306','Tinicachi',175,21, NOW()),
('211307','Unicachi',175,21, NOW()),
('220101','Moyobamba',176,22, NOW()),
('220102','Calzada',176,22, NOW()),
('220103','Habana',176,22, NOW()),
('220104','Jepelacio',176,22, NOW()),
('220105','Soritor',176,22, NOW()),
('220106','Yantalo',176,22, NOW()),
('220201','Bellavista',177,22, NOW()),
('220202','Alto Biavo',177,22, NOW()),
('220203','Bajo Biavo',177,22, NOW()),
('220204','Huallaga',177,22, NOW()),
('220205','San Pablo',177,22, NOW()),
('220206','San Rafael',177,22, NOW()),
('220301','San José de Sisa',178,22, NOW()),
('220302','Agua Blanca',178,22, NOW()),
('220303','San Martín',178,22, NOW()),
('220304','Santa Rosa',178,22, NOW()),
('220305','Shatoja',178,22, NOW()),
('220401','Saposoa',179,22, NOW()),
('220402','Alto Saposoa',179,22, NOW()),
('220403','El Eslabón',179,22, NOW()),
('220404','Piscoyacu',179,22, NOW()),
('220405','Sacanche',179,22, NOW()),
('220406','Tingo de Saposoa',179,22, NOW()),
('220501','Lamas',180,22, NOW()),
('220502','Alonso de Alvarado',180,22, NOW()),
('220503','Barranquita',180,22, NOW()),
('220504','Caynarachi',180,22, NOW()),
('220505','Cuñumbuqui',180,22, NOW()),
('220506','Pinto Recodo',180,22, NOW()),
('220507','Rumisapa',180,22, NOW()),
('220508','San Roque de Cumbaza',180,22, NOW()),
('220509','Shanao',180,22, NOW()),
('220510','Tabalosos',180,22, NOW()),
('220511','Zapatero',180,22, NOW()),
('220601','Juanjuí',181,22, NOW()),
('220602','Campanilla',181,22, NOW()),
('220603','Huicungo',181,22, NOW()),
('220604','Pachiza',181,22, NOW()),
('220605','Pajarillo',181,22, NOW()),
('220701','Picota',182,22, NOW()),
('220702','Buenos Aires',182,22, NOW()),
('220703','Caspisapa',182,22, NOW()),
('220704','Pilluana',182,22, NOW()),
('220705','Pucacaca',182,22, NOW()),
('220706','San Cristóbal',182,22, NOW()),
('220707','San Hilarión',182,22, NOW()),
('220708','Shamboyacu',182,22, NOW()),
('220709','Tingo de Ponasa',182,22, NOW()),
('220710','Tres Unidos',182,22, NOW()),
('220801','Rioja',183,22, NOW()),
('220802','Awajun',183,22, NOW()),
('220803','Elías Soplin Vargas',183,22, NOW()),
('220804','Nueva Cajamarca',183,22, NOW()),
('220805','Pardo Miguel',183,22, NOW()),
('220806','Posic',183,22, NOW()),
('220807','San Fernando',183,22, NOW()),
('220808','Yorongos',183,22, NOW()),
('220809','Yuracyacu',183,22, NOW()),
('220901','Tarapoto',184,22, NOW()),
('220902','Alberto Leveau',184,22, NOW()),
('220903','Cacatachi',184,22, NOW()),
('220904','Chazuta',184,22, NOW()),
('220905','Chipurana',184,22, NOW()),
('220906','El Porvenir',184,22, NOW()),
('220907','Huimbayoc',184,22, NOW()),
('220908','Juan Guerra',184,22, NOW()),
('220909','La Banda de Shilcayo',184,22, NOW()),
('220910','Morales',184,22, NOW()),
('220911','Papaplaya',184,22, NOW()),
('220912','San Antonio',184,22, NOW()),
('220913','Sauce',184,22, NOW()),
('220914','Shapaja',184,22, NOW()),
('221001','Tocache',185,22, NOW()),
('221002','Nuevo Progreso',185,22, NOW()),
('221003','Polvora',185,22, NOW()),
('221004','Shunte',185,22, NOW()),
('221005','Uchiza',185,22, NOW()),
('230101','Tacna',186,23, NOW()),
('230102','Alto de la Alianza',186,23, NOW()),
('230103','Calana',186,23, NOW()),
('230104','Ciudad Nueva',186,23, NOW()),
('230105','Inclan',186,23, NOW()),
('230106','Pachia',186,23, NOW()),
('230107','Palca',186,23, NOW()),
('230108','Pocollay',186,23, NOW()),
('230109','Sama',186,23, NOW()),
('230110','Coronel Gregorio Albarracín Lanchipa',186,23, NOW()),
('230111','La Yarada los Palos',186,23, NOW()),
('230201','Candarave',187,23, NOW()),
('230202','Cairani',187,23, NOW()),
('230203','Camilaca',187,23, NOW()),
('230204','Curibaya',187,23, NOW()),
('230205','Huanuara',187,23, NOW()),
('230206','Quilahuani',187,23, NOW()),
('230301','Locumba',188,23, NOW()),
('230302','Ilabaya',188,23, NOW()),
('230303','Ite',188,23, NOW()),
('230401','Tarata',189,23, NOW()),
('230402','Héroes Albarracín',189,23, NOW()),
('230403','Estique',189,23, NOW()),
('230404','Estique-Pampa',189,23, NOW()),
('230405','Sitajara',189,23, NOW()),
('230406','Susapaya',189,23, NOW()),
('230407','Tarucachi',189,23, NOW()),
('230408','Ticaco',189,23, NOW()),
('240101','Tumbes',190,24, NOW()),
('240102','Corrales',190,24, NOW()),
('240103','La Cruz',190,24, NOW()),
('240104','Pampas de Hospital',190,24, NOW()),
('240105','San Jacinto',190,24, NOW()),
('240106','San Juan de la Virgen',190,24, NOW()),
('240201','Zorritos',191,24, NOW()),
('240202','Casitas',191,24, NOW()),
('240203','Canoas de Punta Sal',191,24, NOW()),
('240301','Zarumilla',192,24, NOW()),
('240302','Aguas Verdes',192,24, NOW()),
('240303','Matapalo',192,24, NOW()),
('240304','Papayal',192,24, NOW()),
('250101','Calleria',193,25, NOW()),
('250102','Campoverde',193,25, NOW()),
('250103','Iparia',193,25, NOW()),
('250104','Masisea',193,25, NOW()),
('250105','Yarinacocha',193,25, NOW()),
('250106','Nueva Requena',193,25, NOW()),
('250107','Manantay',193,25, NOW()),
('250201','Raymondi',194,25, NOW()),
('250202','Sepahua',194,25, NOW()),
('250203','Tahuania',194,25, NOW()),
('250204','Yurua',194,25, NOW()),
('250301','Padre Abad',195,25, NOW()),
('250302','Irazola',195,25, NOW()),
('250303','Curimana',195,25, NOW()),
('250304','Neshuya',195,25, NOW()),
('250305','Alexander Von Humboldt',195,25, NOW()),
('250401','Purus',196,25, NOW());

------------------------------------------------------------------------------------------------------------------------------------------------------------------------------------------------------------------------------------------------------------------------------------------------------------------------------------------------------------------------------------------------------------------------------------------------------------------------------------------------------------------------------------------------------------------------------------------------------------------------------------------------------------------------------------------------------------------------------------------------------------------------------------------------------------------------------------------------------------------------------------------------------------------------------------
------------------------------------------------------------------------------------------------------------------------------------------------------------------------------------------------------------------------------------------------------------------------------------------------------------------------------------------------------------------------------------------------------------------------------------------------------------------------------------------------------------------------------------------------------------------------------------------------------------------------------------------------------------------------------------------------------------------------------------------------------------------------------------------------------------------------------------------------------------------------------------------------------------------------------------


-- INSERT INTO plans ( product_id, code_one_time, code_subscription,  name, title, description, price, is_polular, created_at, updated_at) VALUES
-- ('prod_RGCsz3KIosS2Lx', 'price_1QONLDGbNy5Q0IZg7Y22kvEs',  'price_1QNgSYGbNy5Q0IZgftv530KC', 'Life Saver','Make adoption possible', 'Help a rescued pet transition to a loving home by covering essential care and adoption preparation.',10,false,NOW(), NOW()) ,
-- ('prod_RGCurBH4qGz90M', 'price_1QONKqGbNy5Q0IZg0OHS3mj5',  'price_1QNgUSGbNy5Q0IZgHwKwahcw', 'Small Help', 'A little goes a long way', 'Provide daily necessities like food and water to keep pets comfortable as they await adoption.', 5,false, NOW(), NOW()),
-- ('prod_RGCwVO8LAbCXr7', 'price_1QONJzGbNy5Q0IZgvulCclhB',  'price_1QNgWNGbNy5Q0IZgqhj6ykpk','Full Care', 'Give a pet a second chance', 'Ensure a pet gets everything they need, from food to medical care, for a fresh start in life.',50,true, NOW(), NOW()),
-- ('prod_RGCxBEchzLdKGj', 'price_1QONIGGbNy5Q0IZgZogU81Tp',  'price_1QNgXsGbNy5Q0IZgjhV9veUa', 'Hero of the Day', 'Be a hero for a pet today', 'Support advanced care and treatments, giving pets the health they need to thrive and find a home.',100,false,NOW(),NOW());

INSERT INTO plans (product_id, code_one_time, code_subscription, name, title, description, price, is_polular, created_at, updated_at) VALUES
('prod_RGCsz3KIosS2Lx', 'price_1QONLDGbNy5Q0IZg7Y22kvEs', 'price_1QNgSYGbNy5Q0IZgftv530KC', 'Salvador de Vidas', 'Haz posible la adopción', 'Ayuda a una mascota rescatada a transicionar a un hogar amoroso cubriendo cuidados esenciales y preparación para la adopción.', 10, false, NOW(), NOW()),
('prod_RGCurBH4qGz90M', 'price_1QONKqGbNy5Q0IZg0OHS3mj5', 'price_1QNgUSGbNy5Q0IZgHwKwahcw', 'Pequeña Ayuda', 'Un poco hace mucho', 'Proporciona necesidades diarias como comida y agua para mantener a las mascotas cómodas mientras esperan adopción.', 5, false, NOW(), NOW()),
('prod_RGCwVO8LAbCXr7', 'price_1QONJzGbNy5Q0IZgvulCclhB', 'price_1QNgWNGbNy5Q0IZgqhj6ykpk', 'Cuidado Completo', 'Dale a una mascota una segunda oportunidad', 'Asegúrate de que una mascota reciba todo lo que necesita, desde comida hasta atención médica, para un nuevo comienzo en la vida.', 50, true, NOW(), NOW()),
('prod_RGCxBEchzLdKGj', 'price_1QONIGGbNy5Q0IZgZogU81Tp', 'price_1QNgXsGbNy5Q0IZgjhV9veUa', 'Héroe del Día', 'Sé un héroe para una mascota hoy', 'Apoya cuidados avanzados y tratamientos, dando a las mascotas la salud que necesitan para prosperar y encontrar un hogar.', 100, false, NOW(), NOW());

------------------------------------------------------------------------------------------------------------------------------------------------------------------------------------------------------------------------------------------------------------------------------------------------------------------------------------------------------------------------------------------------------------------------------------------------------------------------------------------------------------------------------------------------------------------------------------------------------------------------------------------------------------------------------------------------------------------------------------------------------------------------------------------------------------------------------------------------------------------------------------------------------------------------------------
------------------------------------------------------------------------------------------------------------------------------------------------------------------------------------------------------------------------------------------------------------------------------------------------------------------------------------------------------------------------------------------------------------------------------------------------------------------------------------------------------------------------------------------------------------------------------------------------------------------------------------------------------------------------------------------------------------------------------------------------------------------------------------------------------------------------------------------------------------------------------------------------------------------------------------

INSERT INTO pet_categories (pet_category_id, name, updated_at) VALUES
(1, 'Perro', NOW()),
(2, 'Gato', NOW()),
(3, 'Hamster', NOW()),
(4, 'Conejo', NOW());


INSERT INTO pet_breeds (pet_breed_id, name, category_id, updated_at) VALUES
(1, 'Labrador Retriever', 1, NOW()),
(2, 'Golden Retriever', 1, NOW()),
(3, 'German Shepherd', 1, NOW()),
(4, 'French Bulldog', 1, NOW()),
(5, 'Beagle', 1, NOW()),
(6, 'Rottweiler', 1, NOW()),
(7, 'Poodle', 1, NOW()),
(8, 'English Bulldog', 1, NOW()),
(9, 'Chihuahua', 1, NOW()),
(10, 'Doberman Pinscher', 1, NOW()),
(11, 'Boxer', 1, NOW()),
(12, 'Shih Tzu', 1, NOW()),
(13, 'Cocker Spaniel', 1, NOW()),
(14, 'Dachshund', 1, NOW()),
(15, 'Pomeranian', 1, NOW()),
(16, 'Pitbull Terrier', 1, NOW()),
(17, 'Schnauzer', 1, NOW()),
(18, 'Siberian Husky', 1, NOW()),
(40, 'Staffordshire Bull Terrier', 1, NOW())
(41, "Husky siberiano, cruce de border collie", 1, NOW()),
;


INSERT INTO pet_breeds (pet_breed_id, name, category_id, updated_at) VALUES
(19,'Siamese', 2, NOW()),
(20,'Persian', 2, NOW()),
(21,'Maine Coon', 2, NOW()),
(22,'Sphynx', 2, NOW()),
(23,'Bengal', 2, NOW()),
(24,'Abyssinian', 2, NOW()),
(25,'Ragdoll', 2, NOW()),
(26,'British Shorthair', 2, NOW()),
(27,'Scottish Fold', 2, NOW()),
(28,'Birman', 2, NOW()),
(29,'Devon Rex', 2, NOW()),
(30,'Oriental', 2, NOW()),
(31,'Exotic Persian', 2, NOW());


INSERT INTO pet_breeds (pet_breed_id, name, category_id, updated_at) VALUES
(32,'Syrian Hamster', 3, NOW()),
(33, 'Russian Dwarf Hamster', 3, NOW()),
(34,'Roborovski Hamster', 3, NOW()),
(35,'Chinese Hamster', 3, NOW());


INSERT INTO pet_breeds (pet_breed_id, name, category_id, updated_at) VALUES
(36,'Holland Lop', 4, NOW()),
(37, 'French Lop', 4, NOW()),
(38,'Havana', 4, NOW()),
(39,'French Angora', 4, NOW());


------------------------------------------------------------------------------------------------------------------------------------------------------------------------------------------------------------------------------------------------------------------------------------------------------------------------------------------------------------------------------------------------------------------------------------------------------------------------------------------------------------------------------------------------------------------------------------------------------------------------------------------------------------------------------------------------------------------------------------------------------------------------------------------------------------------------------------------------------------------------------------------------------------------------------------
------------------------------------------------------------------------------------------------------------------------------------------------------------------------------------------------------------------------------------------------------------------------------------------------------------------------------------------------------------------------------------------------------------------------------------------------------------------------------------------------------------------------------------------------------------------------------------------------------------------------------------------------------------------------------------------------------------------------------------------------------------------------------------------------------------------------------------------------------------------------------------------------------------------------------------

INSERT INTO shelters (name, address, phone, email, district_id, shelter_id, latitude, longitude, created_at, updated_at) VALUES
('Hogar de Esperanza Animal', 'Av. Los Pinos 123, Miraflores', '555-4321', 'info@esperanzaanimal.com', 1302, '123e4567-e89b-12d3-a456-426614174003', -12.123, -77.029, NOW(), NOW()),
('Refugio Patitas Felices', 'Jr. Los Gatos 456, Surco', '555-5679', 'contacto@patitasfelices.com', 1320, '123e4567-e89b-12d3-a456-426614174004', -12.105, -77.035, NOW(), NOW()),
('Centro de Rescate Vida Animal', 'Calle Los Amores 789, Barranco', '555-6781', 'ayuda@vidaanimal.com', 1284, '123e4567-e89b-12d3-a456-426614174005', -12.144, -77.019, NOW(), NOW()),
('Refugio Corazón Animal', 'Av. Principal 321, San Isidro', '555-8910', 'corazon@refugioanimal.com', 1311 , '123e4567-e89b-12d3-a456-426614174006', -12.098, -77.036, NOW(), NOW()),
('Hogar Refugio y Amor', 'Jr. Las Flores 654, La Molina', '555-2345', 'contacto@refugioyamor.com', 1294, '123e4567-e89b-12d3-a456-426614174007', -12.090, -76.948, NOW(), NOW()),
('Patitas de Amor Refugio', 'Av. Las Palmeras 987, San Borja', '555-3456', 'info@patitasdeamor.com', 1310, '123e4567-e89b-12d3-a456-426614174008', -12.111, -76.991, NOW(), NOW()),
('Amigos por Siempre Refugio', 'Jr. Los Perros 112, Jesús María', '555-4567', 'ayuda@amigosporsiempre.com', 1293, '123e4567-e89b-12d3-a456-426614174009', -12.075, -77.048, NOW(), NOW()),
('Casa Animal del Perú', 'Calle Mascotas 556, Chorrillos', '555-7893', 'ayuda@casaanimalperu.com', 1288, '123e4567-e89b-12d3-a456-426614174011', -12.180, -77.016, NOW(), NOW());

INSERT INTO shelters (name, address, phone, email, district_id, shelter_id, latitude, longitude, created_at, updated_at) VALUES
-- Refugios en Puno
('Refugio Lago Azul', 'Av. Titicaca 123, Juliaca', '051-5678', 'contacto@refugiolagoazul.com', 1718, '123e4567-e89b-12d3-a456-426614174013', -15.499, -70.133, NOW(), NOW()),
('Hogar Animal Uros', 'Jr. Los Andes 456, Puno', '051-6789', 'info@hogaranimaluros.com', 1630, '123e4567-e89b-12d3-a456-426614174014', -15.840, -70.021, NOW(), NOW()),
-- Refugios en Arequipa
('Refugio Esperanza Hunter', 'Calle Principal 321, Hunter', '054-1234', 'contacto@esperanzahunter.com', 341, '123e4567-e89b-12d3-a456-426614174017', -16.436, -71.555, NOW(), NOW()),
('Patitas del Misti', 'Jr. El Volcán 112, Yanahuara', '054-8901', 'contacto@patitasdelmisti.com',360, '123e4567-e89b-12d3-a456-426614174016', -16.402, -71.548, NOW(), NOW());

-- Insert dogs
INSERT INTO pets (name, description, birthdate, weight, height, gender, color, behavior, profile_picture, category_id, breed_id, shelter_id, created_at, updated_at) VALUES
('Buddy', 'A friendly and energetic Labrador.', '2020-06-15', 30.5, 60.0, 'Male', 'Yellow', '{"Friendly", "Active"}', ' { "secure_url": "buddy.jpg" , "public_id": "buddy.jpg" }', 1, 1, '123e4567-e89b-12d3-a456-426614174000', NOW(), NOW()),
('Max', 'A playful and loyal German Shepherd.', '2019-03-10', 35.0, 65.0, 'Male', 'Black and Tan', '{"Loyal", "Playful"}', ' { "secure_url": "max.jpg" , "public_id": "max.jpg" }', 1, 2, '123e4567-e89b-12d3-a456-426614174000', NOW(), NOW()),
('Bella', 'A sweet and loving Beagle.', '2021-09-20', 12.0, 45.0, 'Female', 'Tri-color', '{"Gentle", "Friendly"}', ' { "secure_url": "bella.jpg" , "public_id": "bella.jpg" }', 1, 5, '123e4567-e89b-12d3-a456-426614174001', NOW(), NOW());


('Buddy', 'A friendly and energetic Labrador.', '2020-06-15', 30.5, 60.0, 'Male', 'Yellow', '{"Friendly", "Active"}', ' { "secure_url": "buddy.jpg" , "public_id": "buddy.jpg" }', 1, 1, '123e4567-e89b-12d3-a456-426614174000', NOW(), NOW()),
('Max', 'A playful and loyal German Shepherd.', '2019-03-10', 35.0, 65.0, 'Male', 'Black and Tan', '{"Loyal", "Playful"}', ' { "secure_url": "max.jpg" , "public_id": "max.jpg" }', 1, 2, '123e4567-e89b-12d3-a456-426614174000', NOW(), NOW()),
('Bella', 'A sweet and loving Beagle.', '2021-09-20', 12.0, 45.0, 'Female', 'Tri-color', '{"Gentle", "Friendly"}', ' { "secure_url": "bella.jpg" , "public_id": "bella.jpg" }', 1, 5, '123e4567-e89b-12d3-a456-426614174001', NOW(), NOW());


-- Insert cats
INSERT INTO pets (name, description, birthdate, weight, height, gender, color, behavior, profile_picture, category_id, breed_id, shelter_id, created_at, updated_at) VALUES
('Luna', 'A calm and curious Siamese cat.', '2020-11-05', 4.0, 30.0, 'Female', 'Cream', '{"Curious", "Gentle"}', '{ "secure_url": "luna.jpg", "public_id": "123456" }', 2, 21, '123e4567-e89b-12d3-a456-426614174001', NOW(), NOW()),
('Oliver', 'A playful Maine Coon cat.', '2018-05-12', 6.5, 40.0, 'Male', 'Brown Tabby', '{"Playful", "Friendly"}', '{ "secure_url": "oliver.jpg", "public_id": "123456" }', 2, 22, '123e4567-e89b-12d3-a456-426614174002', NOW(), NOW()),
('Milo', 'A fluffy Ragdoll with blue eyes.', '2021-02-22', 5.2, 35.0, 'Male', 'Blue Bicolor', '{"Loving", "Playful"}', '{ "secure_url": "milo.jpg", "public_id": "123456" }', 2, 22, '123e4567-e89b-12d3-a456-426614174001', NOW(), NOW());

-- Insert hamsters
INSERT INTO pets (name, description, birthdate, weight, height, gender, color, behavior, profile_picture, category_id, breed_id, shelter_id, created_at, updated_at) VALUES
('Nibbles', 'A cute and energetic Syrian Hamster.', '2022-08-15', 0.3, 8.0, 'Male', 'Golden', '{"Active", "Curious"}', '{ "secure_url": "nibbles.jpg", "public_id": "123456" }', 3, 32, '123e4567-e89b-12d3-a456-426614174002', NOW(), NOW()),
('Squeaky', 'A shy Russian Dwarf Hamster.', '2023-04-10', 0.2, 6.0, 'Female', 'Grey', '{"Shy", "Quiet"}', '{ "secure_url": "nibbles.jpg", "public_id": "123456" }', 3, 32, '123e4567-e89b-12d3-a456-426614174002', NOW(), NOW());


-- ====================================================================================================================================================================================================================================================================================================================================================================================================================================================================================================================================================================================================================================================================================================================================================================================================================================


INSERT INTO pets (name, description, birthdate, weight, height, gender, color, behavior, profile_picture, category_id, breed_id, shelter_id, created_at, updated_at) 
VALUES ('Creed', 'Creed es un hermoso Staffordshire Bull Terrier de 5 años con una energía desbordante y un corazón lleno de amor. Si buscas un compañero que te mantenga alerta, Creed puede ser la opción perfecta.||Creed está lleno de vida y siempre está listo para una aventura. Ya sea una caminata larga, un divertido juego de buscar la pelota o simplemente correr por el jardín, le encanta estar activo y comprometido. Tiene mucha energía para gastar y le iría bien en un hogar que le brinde mucho ejercicio y estimulación mental. Para sus paseos, Creed necesitaría estar atado con correa.||La familia actual de Creed comenta que sus cosas favoritas en el mundo son jugar al tira y afloja o jugar con sus juguetes de pelota.||Definitivamente también tiene un lado cariñoso y le encanta pasar tiempo con sus personas favoritas. Le encanta estar cerca de la gente para mimarlo y relajarse.||Creed no sería adecuado para vivir con gatos u otros perros. Sería más adecuado para hogares con niños mayores en edad de asistir a la escuela secundaria.', 
		'2020-01-14', 24, 50, 'male', 'atigrado blanco', '{"Dulce", "Leal"}',
		'{
            "fileName": "Creed-profile.PNG",
            "url": "https://res.cloudinary.com/dyntsz5qv/image/upload/v1733620530/123e4567-e89b-12d3-a456-426614174014/l5b9hypxopba7gs2vbmq.png",
            "publicId": "123e4567-e89b-12d3-a456-426614174014/l5b9hypxopba7gs2vbmq"
        }', 1, 40, '123e4567-e89b-12d3-a456-426614174014', NOW(), NOW());


INSERT INTO pets (name, description, birthdate, weight, height, gender, color, behavior, profile_picture, category_id, breed_id, shelter_id, created_at, updated_at) 
VALUES ('Willow', 'Los Willows suelen ser conocidos por su gracia, encanto y resistencia. Todo esto es cierto en el caso de nuestra preciosa Willow, que está siendo reubicada debido a un cambio en las circunstancias personales de su dueña. Cuando no está durmiendo la siesta o jugando con sus juguetes, a Willow le encanta salir a caminar. De hecho, sabe lo que significa la palabra ""W"" y corre por todos lados con entusiasmo antes de esperar junto a la puerta principal para salir.||Willow es una compañera adorable para su dueña y disfruta acurrucándose en el sofá por las noches. Willow puede tardar un tiempo en entablar una relación con nuevas personas, ya que no está acostumbrada a encontrarse con extraños a menudo. Está buscando un nuevo hogar familiar que le brinde el tiempo y la paciencia que necesita para adaptarse y ganar confianza. Debido a esto, Willow necesitaría conocer a sus adoptantes en varias ocasiones en el centro antes de volver a casa.||Willow no ha vivido con niños pequeños antes; por lo tanto, estaríamos buscando un hogar familiar con niños en edad de escuela secundaria o mayores.',
		'2022-07-28', 30, 64, 'female', 'plateado', '{"Afectuosa", "Tranquila"}', 
		'{
            "fileName": "Willow-profile.PNG",
            "url": "https://res.cloudinary.com/dyntsz5qv/image/upload/v1733621417/123e4567-e89b-12d3-a456-426614174014/zzmsm9o5e1wejxknwolk.png",
            "publicId": "123e4567-e89b-12d3-a456-426614174014/zzmsm9o5e1wejxknwolk"
        }', 1, 1, '123e4567-e89b-12d3-a456-426614174014', NOW(), NOW());

INSERT INTO pets (name, description, birthdate, weight, height, gender, color, behavior, profile_picture, category_id, breed_id, shelter_id, created_at, updated_at)VALUES ('Toby', 'Es un tipo cariñoso y no hay nada que le guste más que pasar tiempo con sus personas favoritas y recibir mucha atención.||A Toby le gustan los paseos y le encanta conocer y saludar a otros perros cuando pasa, pero también le encanta acurrucarse en el sofá por la noche. A Toby también le encanta jugar, pero puede ser un poco entusiasta, por lo que puede ser más adecuado para una casa con niños en edad escolar.||Es un chico muy tranquilo y seguro que será un compañero fantástico. Si Toby parece ser el chico ideal para ti, envía tu solicitud hoy mismo. Ten en cuenta que Toby es un bulldog francés grande, ya que pesa 16,9 kg.||“Los perros de cara plana (braquicéfalos) sufren problemas de salud adicionales que pueden afectar su calidad de vida. Siempre recomendamos a quienes estén pensando en adoptar o comprar un perro de cara plana (braquicéfalo) que investiguen a fondo la raza de antemano. Nuestro equipo de expertos podrá darle consejos sobre ejercicio y control de peso, así como sobre cualquier ayuda que Frank pueda necesitar”.', '2022-08-13', 24, 45, 'male', 'gris blanco', '{"Alerta", "Juguetón"}', '{
            "fileName": "Toby-profile.PNG",
            "url": "https://res.cloudinary.com/dyntsz5qv/image/upload/v1733625022/123e4567-e89b-12d3-a456-426614174014/zrdberh4gpxkzkqngdaf.png",
            "publicId": "123e4567-e89b-12d3-a456-426614174014/zrdberh4gpxkzkqngdaf"
        }', 1, 4, '123e4567-e89b-12d3-a456-426614174014', NOW(), NOW());



INSERT INTO pets (name, description, birthdate, weight, height, gender, color, behavior, profile_picture, category_id, breed_id, shelter_id, created_at, updated_at) VALUES ('Bailey', 'Bailey puede ser un poco tímida en situaciones nuevas y cuando conoce gente nueva, y necesitará que los nuevos dueños sean pacientes y la apoyen.||Bailey ha mostrado una falta de confianza aquí en el centro cuando se encuentra con perros desconocidos, pero está haciendo un gran progreso en la construcción de amistades con algunos de los perros aquí, y está mostrando un lado un poco juguetón con sus amigos más familiares, debido a la falta de confianza de Bailey y la necesidad de apoyo con su nuevo entorno y caminó en rutas de paseo para perros más tranquilas y necesitaría ser la única mascota en el hogar.||Después de un paseo, nada le gusta más que relajarse en su cama, o a tu lado en el sofá y recibir todos los mimos que se merece.||Bailey busca idealmente un hogar donde haya alguien cerca durante gran parte del día y un hogar con niños adolescentes mayores que puedan permitirle espacio y paciencia cuando sea necesario.||Si tiene un espacio con forma de Labrador en su vida, complete una solicitud hoy', '2019-03-19', 30, 65, 'female', 'amarillo', '{"Juguetona", "Inteligente"}', '{
            "fileName": "Bailey-profile.PNG",
            "url": "https://res.cloudinary.com/dyntsz5qv/image/upload/v1733625947/123e4567-e89b-12d3-a456-426614174014/eaosxqyf85chgrwocz7v.png",
            "publicId": "123e4567-e89b-12d3-a456-426614174014/eaosxqyf85chgrwocz7v"
        }', 1, 1, '123e4567-e89b-12d3-a456-426614174014', NOW(), NOW());

--

INSERT INTO pets (name, description, birthdate, weight, height, gender, color, behavior, profile_picture, category_id, breed_id, shelter_id, created_at, updated_at) VALUES ('Jared', 'Estos cachorros son muy inteligentes y necesitarán orientación sobre cómo dirigir su energía. Son un poco inseguros, por lo que necesitarán tiempo para adaptarse a sus nuevos hogares y todo se hará a su propio ritmo.||Necesitarán una nueva familia con tiempo para poder ofrecerles un estilo de vida activo y divertido, ya sea con entrenamiento, enriquecimiento, paseos más largos y enriquecedores y tiempo de juego.||Recomendamos a cualquiera que consulte sus perfiles que investigue ambas razas.||Necesitarán a alguien cerca la mayor parte del día, ya que aún no se sienten cómodos estando solos o no están acostumbrados a hacer sus necesidades en casa.', '2024-10-10', 8, 26, 'male', 'tricolor', '{"Sociable", "Juguetón"}', '{
            "fileName": "Jared-profile.PNG",
            "url": "https://res.cloudinary.com/dyntsz5qv/image/upload/v1733626656/123e4567-e89b-12d3-a456-426614174003/hi7zpyv8riq3c7vzj0eq.png",
            "publicId": "123e4567-e89b-12d3-a456-426614174003/hi7zpyv8riq3c7vzj0eq"
        }', 1, 41, '123e4567-e89b-12d3-a456-426614174003', NOW(), NOW());





INSERT INTO public.pet_photos(
	id, pet_id, url, created_at, updated_at)
	VALUES (1, 1, '{
            "fileName": "Ebony-photo-1.PNG",
            "url": "https://res.cloudinary.com/dyntsz5qv/image/upload/v1733614663/123e4567-e89b-12d3-a456-426614174014/ydj9mq8fuyknq5b6znfv.png",
            "publicId": "123e4567-e89b-12d3-a456-426614174014/ydj9mq8fuyknq5b6znfv"
        }', NOW(), NOW());

INSERT INTO public.pet_photos(
	id, pet_id, url, created_at, updated_at)
	VALUES (2, 1, '{
            "fileName": "Ebony-profile.PNG",
            "url": "https://res.cloudinary.com/dyntsz5qv/image/upload/v1733614664/123e4567-e89b-12d3-a456-426614174014/dirnqm1yn2rml11cypde.png",
            "publicId": "123e4567-e89b-12d3-a456-426614174014/dirnqm1yn2rml11cypde"
        }', NOW(), NOW());


INSERT INTO public.pet_photos(
	id, pet_id, url, created_at, updated_at)
	VALUES (3, 2, '{
            "fileName": "Creed-profile.PNG",
            "url": "https://res.cloudinary.com/dyntsz5qv/image/upload/v1733620530/123e4567-e89b-12d3-a456-426614174014/l5b9hypxopba7gs2vbmq.png",
            "publicId": "123e4567-e89b-12d3-a456-426614174014/l5b9hypxopba7gs2vbmq"
        }', NOW(), NOW());

INSERT INTO public.pet_photos(
	id, pet_id, url, created_at, updated_at)
	VALUES (4, 2, '{
            "fileName": "Creed-photo-1.PNG",
            "url": "https://res.cloudinary.com/dyntsz5qv/image/upload/v1733620529/123e4567-e89b-12d3-a456-426614174014/rgbegmrgbujlkexgo1m0.png",
            "publicId": "123e4567-e89b-12d3-a456-426614174014/rgbegmrgbujlkexgo1m0"
        }', NOW(), NOW());


INSERT INTO public.pet_photos(
	id, pet_id, url, created_at, updated_at)
	VALUES (5, 3, '{
            "fileName": "Willow-profile.PNG",
            "url": "https://res.cloudinary.com/dyntsz5qv/image/upload/v1733621417/123e4567-e89b-12d3-a456-426614174014/zzmsm9o5e1wejxknwolk.png",
            "publicId": "123e4567-e89b-12d3-a456-426614174014/zzmsm9o5e1wejxknwolk"
        }', NOW(), NOW());

INSERT INTO public.pet_photos(
	id, pet_id, url, created_at, updated_at)
	VALUES (6, 3, '{
            "fileName": "Willow-photo-1.PNG",
            "url": "https://res.cloudinary.com/dyntsz5qv/image/upload/v1733621417/123e4567-e89b-12d3-a456-426614174014/yrncvqnlreh74dxq1tpp.png",
            "publicId": "123e4567-e89b-12d3-a456-426614174014/yrncvqnlreh74dxq1tpp"
        }', NOW(), NOW());


INSERT INTO public.pet_photos(
	id, pet_id, url, created_at, updated_at)
	VALUES (7, 4, '{
            "fileName": "Toby-profile.PNG",
            "url": "https://res.cloudinary.com/dyntsz5qv/image/upload/v1733625022/123e4567-e89b-12d3-a456-426614174014/zrdberh4gpxkzkqngdaf.png",
            "publicId": "123e4567-e89b-12d3-a456-426614174014/zrdberh4gpxkzkqngdaf"
        }', NOW(), NOW());

INSERT INTO public.pet_photos(
	id, pet_id, url, created_at, updated_at)
	VALUES (8, 4, '{
            "fileName": "Toby-photo-1.PNG",
            "url": "https://res.cloudinary.com/dyntsz5qv/image/upload/v1733625021/123e4567-e89b-12d3-a456-426614174014/htvmwpsewetwa2y23t0n.png",
            "publicId": "123e4567-e89b-12d3-a456-426614174014/htvmwpsewetwa2y23t0n"
        }', NOW(), NOW());

INSERT INTO public.pet_photos(
	id, pet_id, url, created_at, updated_at)
	VALUES (9, 5, '{
            "fileName": "Bailey-profile.PNG",
            "url": "https://res.cloudinary.com/dyntsz5qv/image/upload/v1733625947/123e4567-e89b-12d3-a456-426614174014/eaosxqyf85chgrwocz7v.png",
            "publicId": "123e4567-e89b-12d3-a456-426614174014/eaosxqyf85chgrwocz7v"
        }', NOW(), NOW());

INSERT INTO public.pet_photos(
	id, pet_id, url, created_at, updated_at)
	VALUES (10, 5, '{
            "fileName": "Bailey-photo-1.PNG",
            "url": "https://res.cloudinary.com/dyntsz5qv/image/upload/v1733625946/123e4567-e89b-12d3-a456-426614174014/direyrrvoj3rs9lfegcq.png",
            "publicId": "123e4567-e89b-12d3-a456-426614174014/direyrrvoj3rs9lfegcq"
        }', NOW(), NOW());

INSERT INTO public.pet_photos(
	id, pet_id, url, created_at, updated_at)
	VALUES (11, 6, '{
            "fileName": "Jared-profile.PNG",
            "url": "https://res.cloudinary.com/dyntsz5qv/image/upload/v1733626656/123e4567-e89b-12d3-a456-426614174003/hi7zpyv8riq3c7vzj0eq.png",
            "publicId": "123e4567-e89b-12d3-a456-426614174003/hi7zpyv8riq3c7vzj0eq"
        }', NOW(), NOW());

INSERT INTO public.pet_photos(
	id, pet_id, url, created_at, updated_at)
	VALUES (12, 6, '{
            "fileName": "Jared-photo-1.PNG",
            "url": "https://res.cloudinary.com/dyntsz5qv/image/upload/v1733626657/123e4567-e89b-12d3-a456-426614174003/lrpnq5zwahal34tirbch.png",
            "publicId": "123e4567-e89b-12d3-a456-426614174003/lrpnq5zwahal34tirbch"
        }', NOW(), NOW());